<?xml version='1.0' encoding='UTF-8'?>
<Metrics>
  <!--This report was generated using Helix QAC and is the Intellectual Property of Programming Research Limited.-->
  <File name="D:/Material/3_Project/C673/MFC5J3_C673_Mcu_App/00_AsrStack/plugins/Atomics_TS_TxDxM1I0R0/include/Atomics.h"/>
  <File name="D:/Material/3_Project/C673/MFC5J3_C673_Mcu_App/00_AsrStack/plugins/Atomics_TS_TxDxM1I0R0/include/Atomics_TSPlatforms.h"/>
  <File name="D:/Material/3_Project/C673/MFC5J3_C673_Mcu_App/00_AsrStack/plugins/Atomics_TS_TxDxM1I0R0/include/Atomics_platform_types.h"/>
  <File name="D:/Material/3_Project/C673/MFC5J3_C673_Mcu_App/00_AsrStack/plugins/Atomics_TS_TxDxM1I0R0/include/Atomics_user_functions.h"/>
  <File name="D:/Material/3_Project/C673/MFC5J3_C673_Mcu_App/00_AsrStack/plugins/Atomics_TS_TxDxM1I0R0/include/Atomics_user_functions_customizations.h"/>
  <File name="D:/Material/3_Project/C673/MFC5J3_C673_Mcu_App/00_AsrStack/plugins/Atomics_TS_TxDxM1I0R0/include/Atomics_user_types.h"/>
  <File name="D:/Material/3_Project/C673/MFC5J3_C673_Mcu_App/00_AsrStack/plugins/Atomics_TS_TxDxM1I0R0/include/Atomics_user_types_customizations.h"/>
  <File name="D:/Material/3_Project/C673/MFC5J3_C673_Mcu_App/00_AsrStack/plugins/Base_TS_TxDxM5I1R0/include/Can_GeneralTypes.h"/>
  <File name="D:/Material/3_Project/C673/MFC5J3_C673_Mcu_App/00_AsrStack/plugins/Base_TS_TxDxM5I1R0/include/ComStack_Types.h"/>
  <File name="D:/Material/3_Project/C673/MFC5J3_C673_Mcu_App/00_AsrStack/plugins/Base_TS_TxDxM5I1R0/include/Compiler_Common.h"/>
  <File name="D:/Material/3_Project/C673/MFC5J3_C673_Mcu_App/00_AsrStack/plugins/Base_TS_TxDxM5I1R0/include/Std_Types.h"/>
  <File name="D:/Material/3_Project/C673/MFC5J3_C673_Mcu_App/00_AsrStack/plugins/Base_TS_TxDxM5I1R0/include/TSAutosar.h"/>
  <File name="D:/Material/3_Project/C673/MFC5J3_C673_Mcu_App/00_AsrStack/plugins/Base_TS_TxDxM5I1R0/include/TSCompiler_Default.h"/>
  <File name="D:/Material/3_Project/C673/MFC5J3_C673_Mcu_App/00_AsrStack/plugins/Base_TS_TxDxM5I1R0/include/TSPBConfig_BasicTypes.h"/>
  <File name="D:/Material/3_Project/C673/MFC5J3_C673_Mcu_App/00_AsrStack/plugins/Base_TS_TxDxM5I1R0/include/TSPBConfig_Types.h"/>
  <File name="D:/Material/3_Project/C673/MFC5J3_C673_Mcu_App/00_AsrStack/plugins/CanIf_TS_TxDxM6I10R0/include/CanIf.h"/>
  <File name="D:/Material/3_Project/C673/MFC5J3_C673_Mcu_App/00_AsrStack/plugins/CanIf_TS_TxDxM6I10R0/include/CanIf_Api.h"/>
  <File name="D:/Material/3_Project/C673/MFC5J3_C673_Mcu_App/00_AsrStack/plugins/CanIf_TS_TxDxM6I10R0/include/CanIf_Version.h"/>
  <File name="D:/Material/3_Project/C673/MFC5J3_C673_Mcu_App/00_AsrStack/plugins/Compiler_TS_TxDxM1I0R0/include/Compiler.h"/>
  <File name="D:/Material/3_Project/C673/MFC5J3_C673_Mcu_App/00_AsrStack/plugins/Compiler_TS_TxDxM1I0R0/include/TRICORE/tasking/Compiler_Specific.h"/>
  <File name="D:/Material/3_Project/C673/MFC5J3_C673_Mcu_App/00_AsrStack/plugins/Compiler_TS_TxDxM1I0R0/include/TSCompiler.h"/>
  <File name="D:/Material/3_Project/C673/MFC5J3_C673_Mcu_App/00_AsrStack/plugins/Det_TS_TxDxM6I5R0/include/Det.h"/>
  <File name="D:/Material/3_Project/C673/MFC5J3_C673_Mcu_App/00_AsrStack/plugins/Det_TS_TxDxM6I5R0/include/Det_BSW.h"/>
  <File name="D:/Material/3_Project/C673/MFC5J3_C673_Mcu_App/00_AsrStack/plugins/Det_TS_TxDxM6I5R0/include/Det_Version.h"/>
  <File name="D:/Material/3_Project/C673/MFC5J3_C673_Mcu_App/00_AsrStack/plugins/EcuM_TS_TxDxM5I15R0/include/EcuM_BSW_Types.h"/>
  <File name="D:/Material/3_Project/C673/MFC5J3_C673_Mcu_App/00_AsrStack/plugins/EcuM_TS_TxDxM5I15R0/include/EcuM_Cbk.h"/>
  <File name="D:/Material/3_Project/C673/MFC5J3_C673_Mcu_App/00_AsrStack/plugins/EcuM_TS_TxDxM5I15R0/include/EcuM_Types.h"/>
  <File name="D:/Material/3_Project/C673/MFC5J3_C673_Mcu_App/00_AsrStack/plugins/EcuM_TS_TxDxM5I15R0/include/EcuM_Version.h"/>
  <File name="D:/Material/3_Project/C673/MFC5J3_C673_Mcu_App/00_AsrStack/plugins/McalExt_TS_T16D27M1I0R0/MCAL_Delivery/McIsar/Src/Infra_Prod/Sfr/TC38xA/_Reg/IfxI2c_bf.h"/>
  <File name="D:/Material/3_Project/C673/MFC5J3_C673_Mcu_App/00_AsrStack/plugins/McalExt_TS_T16D27M1I0R0/MCAL_Delivery/McIsar/Src/Infra_Prod/Sfr/TC38xA/_Reg/IfxPms_reg.h"/>
  <File name="D:/Material/3_Project/C673/MFC5J3_C673_Mcu_App/00_AsrStack/plugins/McalExt_TS_T16D27M1I0R0/MCAL_Delivery/McIsar/Src/Infra_Prod/Sfr/TC38xA/_Reg/IfxPms_regdef.h"/>
  <File name="D:/Material/3_Project/C673/MFC5J3_C673_Mcu_App/00_AsrStack/plugins/McalExt_TS_T16D27M1I0R0/MCAL_Delivery/McIsar/Src/Infra_Prod/Sfr/TC38xA/_Reg/IfxScu_reg.h"/>
  <File name="D:/Material/3_Project/C673/MFC5J3_C673_Mcu_App/00_AsrStack/plugins/McalExt_TS_T16D27M1I0R0/MCAL_Delivery/McIsar/Src/Infra_Prod/Sfr/TC38xA/_Reg/IfxScu_regdef.h"/>
  <File name="D:/Material/3_Project/C673/MFC5J3_C673_Mcu_App/00_AsrStack/plugins/McalExt_TS_T16D27M1I0R0/MCAL_Delivery/McIsar/Src/Infra_Prod/Sfr/TC38xA/_Reg/IfxSrc_reg.h"/>
  <File name="D:/Material/3_Project/C673/MFC5J3_C673_Mcu_App/00_AsrStack/plugins/McalExt_TS_T16D27M1I0R0/MCAL_Delivery/McIsar/Src/Infra_Prod/Sfr/TC38xA/_Reg/IfxSrc_regdef.h"/>
  <File name="D:/Material/3_Project/C673/MFC5J3_C673_Mcu_App/00_AsrStack/plugins/McalExt_TS_T16D27M1I0R0/MCAL_Delivery/McIsar/Src/Infra_Prod/Sfr/TC38xA/_Reg/IfxStm_reg.h"/>
  <File name="D:/Material/3_Project/C673/MFC5J3_C673_Mcu_App/00_AsrStack/plugins/McalExt_TS_T16D27M1I0R0/MCAL_Delivery/McIsar/Src/Infra_Prod/Sfr/TC38xA/_Reg/IfxStm_regdef.h"/>
  <File name="D:/Material/3_Project/C673/MFC5J3_C673_Mcu_App/00_AsrStack/plugins/McalExt_TS_T16D27M1I0R0/MCAL_Delivery/McIsar/Src/Infra_Prod/Sfr/TC38xA/_Reg/Ifx_TypesReg.h"/>
  <File name="D:/Material/3_Project/C673/MFC5J3_C673_Mcu_App/00_AsrStack/plugins/McalExt_TS_T16D27M1I0R0/MCAL_Delivery/McIsar/Src/Mcal/Tricore/CanTrcv_Tja1043/ssc/inc/CanTrcv_8_Tja1043.h"/>
  <File name="D:/Material/3_Project/C673/MFC5J3_C673_Mcu_App/00_AsrStack/plugins/McalExt_TS_T16D27M1I0R0/MCAL_Delivery/McIsar/Src/Mcal/Tricore/CanTrcv_Tja1043/ssc/inc/CanTrcv_8_Tja1043_MemMap.h"/>
  <File name="D:/Material/3_Project/C673/MFC5J3_C673_Mcu_App/00_AsrStack/plugins/McalExt_TS_T16D27M1I0R0/MCAL_Delivery/McIsar/Src/Mcal/Tricore/Dio/ssc/inc/Dio.h"/>
  <File name="D:/Material/3_Project/C673/MFC5J3_C673_Mcu_App/00_AsrStack/plugins/McalExt_TS_T16D27M1I0R0/MCAL_Delivery/McIsar/Src/Mcal/Tricore/I2c/ssc/inc/I2c.h"/>
  <File name="D:/Material/3_Project/C673/MFC5J3_C673_Mcu_App/00_AsrStack/plugins/McalExt_TS_T16D27M1I0R0/MCAL_Delivery/McIsar/Src/Mcal/Tricore/McalLib/ssc/inc/AS422/Mcal_Version.h"/>
  <File name="D:/Material/3_Project/C673/MFC5J3_C673_Mcu_App/00_AsrStack/plugins/McalExt_TS_T16D27M1I0R0/MCAL_Delivery/McIsar/Src/Mcal/Tricore/McalLib/ssc/inc/McalLib.h"/>
  <File name="D:/Material/3_Project/C673/MFC5J3_C673_Mcu_App/00_AsrStack/plugins/McalExt_TS_T16D27M1I0R0/MCAL_Delivery/McIsar/Src/Mcal/Tricore/McalLib/ssc/inc/Mcal_Compiler.h"/>
  <File name="D:/Material/3_Project/C673/MFC5J3_C673_Mcu_App/00_AsrStack/plugins/McalExt_TS_T16D27M1I0R0/MCAL_Delivery/McIsar/Src/Mcal/Tricore/Mcu/ssc/inc/Mcu.h"/>
  <File name="D:/Material/3_Project/C673/MFC5J3_C673_Mcu_App/00_AsrStack/plugins/Os_TS_T16D27M6I1R0/include/Os.h"/>
  <File name="D:/Material/3_Project/C673/MFC5J3_C673_Mcu_App/00_AsrStack/plugins/Os_TS_T16D27M6I1R0/include/Os_Version.h"/>
  <File name="D:/Material/3_Project/C673/MFC5J3_C673_Mcu_App/00_AsrStack/plugins/Os_TS_T16D27M6I1R0/include/Os_acct_api.h"/>
  <File name="D:/Material/3_Project/C673/MFC5J3_C673_Mcu_App/00_AsrStack/plugins/Os_TS_T16D27M6I1R0/include/Os_alci.h"/>
  <File name="D:/Material/3_Project/C673/MFC5J3_C673_Mcu_App/00_AsrStack/plugins/Os_TS_T16D27M6I1R0/include/Os_api.h"/>
  <File name="D:/Material/3_Project/C673/MFC5J3_C673_Mcu_App/00_AsrStack/plugins/Os_TS_T16D27M6I1R0/include/Os_api_arch.h"/>
  <File name="D:/Material/3_Project/C673/MFC5J3_C673_Mcu_App/00_AsrStack/plugins/Os_TS_T16D27M6I1R0/include/Os_api_cfg.h"/>
  <File name="D:/Material/3_Project/C673/MFC5J3_C673_Mcu_App/00_AsrStack/plugins/Os_TS_T16D27M6I1R0/include/Os_api_simtimer.h"/>
  <File name="D:/Material/3_Project/C673/MFC5J3_C673_Mcu_App/00_AsrStack/plugins/Os_TS_T16D27M6I1R0/include/Os_api_timestamp.h"/>
  <File name="D:/Material/3_Project/C673/MFC5J3_C673_Mcu_App/00_AsrStack/plugins/Os_TS_T16D27M6I1R0/include/Os_arch.h"/>
  <File name="D:/Material/3_Project/C673/MFC5J3_C673_Mcu_App/00_AsrStack/plugins/Os_TS_T16D27M6I1R0/include/Os_callouts.h"/>
  <File name="D:/Material/3_Project/C673/MFC5J3_C673_Mcu_App/00_AsrStack/plugins/Os_TS_T16D27M6I1R0/include/Os_cpu.h"/>
  <File name="D:/Material/3_Project/C673/MFC5J3_C673_Mcu_App/00_AsrStack/plugins/Os_TS_T16D27M6I1R0/include/Os_defs.h"/>
  <File name="D:/Material/3_Project/C673/MFC5J3_C673_Mcu_App/00_AsrStack/plugins/Os_TS_T16D27M6I1R0/include/Os_error.h"/>
  <File name="D:/Material/3_Project/C673/MFC5J3_C673_Mcu_App/00_AsrStack/plugins/Os_TS_T16D27M6I1R0/include/Os_hw.h"/>
  <File name="D:/Material/3_Project/C673/MFC5J3_C673_Mcu_App/00_AsrStack/plugins/Os_TS_T16D27M6I1R0/include/Os_kernel.h"/>
  <File name="D:/Material/3_Project/C673/MFC5J3_C673_Mcu_App/00_AsrStack/plugins/Os_TS_T16D27M6I1R0/include/Os_kernel_alarm.h"/>
  <File name="D:/Material/3_Project/C673/MFC5J3_C673_Mcu_App/00_AsrStack/plugins/Os_TS_T16D27M6I1R0/include/Os_kernel_app.h"/>
  <File name="D:/Material/3_Project/C673/MFC5J3_C673_Mcu_App/00_AsrStack/plugins/Os_TS_T16D27M6I1R0/include/Os_kernel_multicore.h"/>
  <File name="D:/Material/3_Project/C673/MFC5J3_C673_Mcu_App/00_AsrStack/plugins/Os_TS_T16D27M6I1R0/include/Os_kernel_task.h"/>
  <File name="D:/Material/3_Project/C673/MFC5J3_C673_Mcu_App/00_AsrStack/plugins/Os_TS_T16D27M6I1R0/include/Os_libconfig.h"/>
  <File name="D:/Material/3_Project/C673/MFC5J3_C673_Mcu_App/00_AsrStack/plugins/Os_TS_T16D27M6I1R0/include/Os_messagequeue.h"/>
  <File name="D:/Material/3_Project/C673/MFC5J3_C673_Mcu_App/00_AsrStack/plugins/Os_TS_T16D27M6I1R0/include/Os_optimize.h"/>
  <File name="D:/Material/3_Project/C673/MFC5J3_C673_Mcu_App/00_AsrStack/plugins/Os_TS_T16D27M6I1R0/include/Os_panic.h"/>
  <File name="D:/Material/3_Project/C673/MFC5J3_C673_Mcu_App/00_AsrStack/plugins/Os_TS_T16D27M6I1R0/include/Os_proto_arch.h"/>
  <File name="D:/Material/3_Project/C673/MFC5J3_C673_Mcu_App/00_AsrStack/plugins/Os_TS_T16D27M6I1R0/include/Os_timeconversion.h"/>
  <File name="D:/Material/3_Project/C673/MFC5J3_C673_Mcu_App/00_AsrStack/plugins/Os_TS_T16D27M6I1R0/include/Os_timestamp.h"/>
  <File name="D:/Material/3_Project/C673/MFC5J3_C673_Mcu_App/00_AsrStack/plugins/Os_TS_T16D27M6I1R0/include/Os_tool.h"/>
  <File name="D:/Material/3_Project/C673/MFC5J3_C673_Mcu_App/00_AsrStack/plugins/Os_TS_T16D27M6I1R0/include/Os_types.h"/>
  <File name="D:/Material/3_Project/C673/MFC5J3_C673_Mcu_App/00_AsrStack/plugins/Os_TS_T16D27M6I1R0/include/Os_types_arch.h"/>
  <File name="D:/Material/3_Project/C673/MFC5J3_C673_Mcu_App/00_AsrStack/plugins/Os_TS_T16D27M6I1R0/include/Os_userkernel.h"/>
  <File name="D:/Material/3_Project/C673/MFC5J3_C673_Mcu_App/00_AsrStack/plugins/Os_TS_T16D27M6I1R0/include/Os_usuffix.h"/>
  <File name="D:/Material/3_Project/C673/MFC5J3_C673_Mcu_App/00_AsrStack/plugins/Os_TS_T16D27M6I1R0/include/TRICORE/Os_TRICORE_aurix_wdt.h"/>
  <File name="D:/Material/3_Project/C673/MFC5J3_C673_Mcu_App/00_AsrStack/plugins/Os_TS_T16D27M6I1R0/include/TRICORE/Os_TRICORE_core.h"/>
  <File name="D:/Material/3_Project/C673/MFC5J3_C673_Mcu_App/00_AsrStack/plugins/Os_TS_T16D27M6I1R0/include/TRICORE/Os_TRICORE_cpu.h"/>
  <File name="D:/Material/3_Project/C673/MFC5J3_C673_Mcu_App/00_AsrStack/plugins/Os_TS_T16D27M6I1R0/include/TRICORE/Os_TRICORE_pwr.h"/>
  <File name="D:/Material/3_Project/C673/MFC5J3_C673_Mcu_App/00_AsrStack/plugins/Os_TS_T16D27M6I1R0/include/TRICORE/Os_TRICORE_stmconfig.h"/>
  <File name="D:/Material/3_Project/C673/MFC5J3_C673_Mcu_App/00_AsrStack/plugins/Os_TS_T16D27M6I1R0/include/TRICORE/Os_api_TRICORE.h"/>
  <File name="D:/Material/3_Project/C673/MFC5J3_C673_Mcu_App/00_AsrStack/plugins/Os_TS_T16D27M6I1R0/include/TRICORE/Os_defs_TRICORE.h"/>
  <File name="D:/Material/3_Project/C673/MFC5J3_C673_Mcu_App/00_AsrStack/plugins/Os_TS_T16D27M6I1R0/include/TRICORE/Os_hw_TRICORE.h"/>
  <File name="D:/Material/3_Project/C673/MFC5J3_C673_Mcu_App/00_AsrStack/plugins/Os_TS_T16D27M6I1R0/include/TRICORE/Os_kernel_TRICORE.h"/>
  <File name="D:/Material/3_Project/C673/MFC5J3_C673_Mcu_App/00_AsrStack/plugins/Os_TS_T16D27M6I1R0/include/TRICORE/Os_proto_TRICORE.h">
    <Entity name="OS_ClearIsrFn" type="function">
      <Metric name="NPATH" value="1"/>
      <Metric name="STAKI" value="1"/>
      <Metric name="STAV1" value="3.000"/>
      <Metric name="STAV2" value="3.000"/>
      <Metric name="STAV3" value="3.000"/>
      <Metric name="STBAK" value="0"/>
      <Metric name="STCAL" value="0"/>
      <Metric name="STCYC" value="1"/>
      <Metric name="STELF" value="0"/>
      <Metric name="STFDN" value="3"/>
      <Metric name="STFDT" value="1"/>
      <Metric name="STFN1" value="1"/>
      <Metric name="STFN2" value="6"/>
      <Metric name="STGTO" value="0"/>
      <Metric name="STKDN" value="0.000"/>
      <Metric name="STKNT" value="0"/>
      <Metric name="STLCT" value="0"/>
      <Metric name="STLIN" value="0"/>
      <Metric name="STLOP" value="0"/>
      <Metric name="STM07" value="1"/>
      <Metric name="STM19" value="0"/>
      <Metric name="STMCC" value="0 (1:1)"/>
      <Metric name="STMIF" value="0"/>
      <Metric name="STPAR" value="1"/>
      <Metric name="STPBG" value="0"/>
      <Metric name="STPDN" value="0"/>
      <Metric name="STPTH" value="1"/>
      <Metric name="STST1" value="2"/>
      <Metric name="STST2" value="2"/>
      <Metric name="STST3" value="2"/>
      <Metric name="STSUB" value="0"/>
      <Metric name="STUNV" value="0"/>
      <Metric name="STXLN" value="2"/>
    </Entity>
    <Entity name="OS_DisableIsrFn" type="function">
      <Metric name="NPATH" value="1"/>
      <Metric name="STAKI" value="2"/>
      <Metric name="STAV1" value="6.000"/>
      <Metric name="STAV2" value="6.000"/>
      <Metric name="STAV3" value="6.000"/>
      <Metric name="STBAK" value="0"/>
      <Metric name="STCAL" value="0"/>
      <Metric name="STCYC" value="1"/>
      <Metric name="STELF" value="0"/>
      <Metric name="STFDN" value="5"/>
      <Metric name="STFDT" value="1"/>
      <Metric name="STFN1" value="1"/>
      <Metric name="STFN2" value="5"/>
      <Metric name="STGTO" value="0"/>
      <Metric name="STKDN" value="0.000"/>
      <Metric name="STKNT" value="0"/>
      <Metric name="STLCT" value="0"/>
      <Metric name="STLIN" value="0"/>
      <Metric name="STLOP" value="0"/>
      <Metric name="STM07" value="1"/>
      <Metric name="STM19" value="0"/>
      <Metric name="STMCC" value="0 (1:1)"/>
      <Metric name="STMIF" value="0"/>
      <Metric name="STPAR" value="1"/>
      <Metric name="STPBG" value="0"/>
      <Metric name="STPDN" value="1"/>
      <Metric name="STPTH" value="1"/>
      <Metric name="STST1" value="1"/>
      <Metric name="STST2" value="1"/>
      <Metric name="STST3" value="1"/>
      <Metric name="STSUB" value="1"/>
      <Metric name="STUNV" value="0"/>
      <Metric name="STXLN" value="1"/>
    </Entity>
    <Entity name="OS_EnableIsrFn" type="function">
      <Metric name="NPATH" value="1"/>
      <Metric name="STAKI" value="2"/>
      <Metric name="STAV1" value="6.000"/>
      <Metric name="STAV2" value="6.000"/>
      <Metric name="STAV3" value="6.000"/>
      <Metric name="STBAK" value="0"/>
      <Metric name="STCAL" value="0"/>
      <Metric name="STCYC" value="1"/>
      <Metric name="STELF" value="0"/>
      <Metric name="STFDN" value="5"/>
      <Metric name="STFDT" value="1"/>
      <Metric name="STFN1" value="1"/>
      <Metric name="STFN2" value="5"/>
      <Metric name="STGTO" value="0"/>
      <Metric name="STKDN" value="0.000"/>
      <Metric name="STKNT" value="0"/>
      <Metric name="STLCT" value="0"/>
      <Metric name="STLIN" value="0"/>
      <Metric name="STLOP" value="0"/>
      <Metric name="STM07" value="1"/>
      <Metric name="STM19" value="0"/>
      <Metric name="STMCC" value="0 (1:1)"/>
      <Metric name="STMIF" value="0"/>
      <Metric name="STPAR" value="1"/>
      <Metric name="STPBG" value="0"/>
      <Metric name="STPDN" value="1"/>
      <Metric name="STPTH" value="1"/>
      <Metric name="STST1" value="1"/>
      <Metric name="STST2" value="1"/>
      <Metric name="STST3" value="1"/>
      <Metric name="STSUB" value="1"/>
      <Metric name="STUNV" value="0"/>
      <Metric name="STXLN" value="1"/>
    </Entity>
    <Entity name="OS_IntDisableConditional" type="function">
      <Metric name="NPATH" value="3"/>
      <Metric name="STAKI" value="4"/>
      <Metric name="STAV1" value="1.000"/>
      <Metric name="STAV2" value="3.000"/>
      <Metric name="STAV3" value="5.000"/>
      <Metric name="STBAK" value="0"/>
      <Metric name="STCAL" value="1"/>
      <Metric name="STCYC" value="3"/>
      <Metric name="STELF" value="0"/>
      <Metric name="STFDN" value="6"/>
      <Metric name="STFDT" value="1"/>
      <Metric name="STFN1" value="1"/>
      <Metric name="STFN2" value="14"/>
      <Metric name="STGTO" value="0"/>
      <Metric name="STKDN" value="0.000"/>
      <Metric name="STKNT" value="0"/>
      <Metric name="STLCT" value="2"/>
      <Metric name="STLIN" value="0"/>
      <Metric name="STLOP" value="0"/>
      <Metric name="STM07" value="1"/>
      <Metric name="STM19" value="1"/>
      <Metric name="STMCC" value="0 (3:3)"/>
      <Metric name="STMIF" value="2"/>
      <Metric name="STPAR" value="0"/>
      <Metric name="STPBG" value="0"/>
      <Metric name="STPDN" value="1"/>
      <Metric name="STPTH" value="3"/>
      <Metric name="STST1" value="9"/>
      <Metric name="STST2" value="5"/>
      <Metric name="STST3" value="3"/>
      <Metric name="STSUB" value="1"/>
      <Metric name="STUNV" value="1"/>
      <Metric name="STXLN" value="4"/>
    </Entity>
    <Entity name="OS_IntDisableLevel" type="function">
      <Metric name="NPATH" value="2"/>
      <Metric name="STAKI" value="3"/>
      <Metric name="STAV1" value="1.000"/>
      <Metric name="STAV2" value="3.000"/>
      <Metric name="STAV3" value="6.000"/>
      <Metric name="STBAK" value="0"/>
      <Metric name="STCAL" value="1"/>
      <Metric name="STCYC" value="2"/>
      <Metric name="STELF" value="0"/>
      <Metric name="STFDN" value="6"/>
      <Metric name="STFDT" value="1"/>
      <Metric name="STFN1" value="1"/>
      <Metric name="STFN2" value="11"/>
      <Metric name="STGTO" value="0"/>
      <Metric name="STKDN" value="0.000"/>
      <Metric name="STKNT" value="0"/>
      <Metric name="STLCT" value="2"/>
      <Metric name="STLIN" value="0"/>
      <Metric name="STLOP" value="0"/>
      <Metric name="STM07" value="1"/>
      <Metric name="STM19" value="1"/>
      <Metric name="STMCC" value="0 (2:2)"/>
      <Metric name="STMIF" value="1"/>
      <Metric name="STPAR" value="1"/>
      <Metric name="STPBG" value="0"/>
      <Metric name="STPDN" value="1"/>
      <Metric name="STPTH" value="2"/>
      <Metric name="STST1" value="7"/>
      <Metric name="STST2" value="4"/>
      <Metric name="STST3" value="2"/>
      <Metric name="STSUB" value="1"/>
      <Metric name="STUNV" value="1"/>
      <Metric name="STXLN" value="3"/>
    </Entity>
    <Entity name="OS_IntEnable" type="function">
      <Metric name="NPATH" value="2"/>
      <Metric name="STAKI" value="3"/>
      <Metric name="STAV1" value="1.000"/>
      <Metric name="STAV2" value="2.000"/>
      <Metric name="STAV3" value="5.000"/>
      <Metric name="STBAK" value="0"/>
      <Metric name="STCAL" value="1"/>
      <Metric name="STCYC" value="2"/>
      <Metric name="STELF" value="0"/>
      <Metric name="STFDN" value="5"/>
      <Metric name="STFDT" value="1"/>
      <Metric name="STFN1" value="1"/>
      <Metric name="STFN2" value="9"/>
      <Metric name="STGTO" value="0"/>
      <Metric name="STKDN" value="0.000"/>
      <Metric name="STKNT" value="0"/>
      <Metric name="STLCT" value="2"/>
      <Metric name="STLIN" value="0"/>
      <Metric name="STLOP" value="0"/>
      <Metric name="STM07" value="1"/>
      <Metric name="STM19" value="1"/>
      <Metric name="STMCC" value="0 (2:2)"/>
      <Metric name="STMIF" value="1"/>
      <Metric name="STPAR" value="0"/>
      <Metric name="STPBG" value="0"/>
      <Metric name="STPDN" value="1"/>
      <Metric name="STPTH" value="2"/>
      <Metric name="STST1" value="7"/>
      <Metric name="STST2" value="4"/>
      <Metric name="STST3" value="2"/>
      <Metric name="STSUB" value="1"/>
      <Metric name="STUNV" value="1"/>
      <Metric name="STXLN" value="3"/>
    </Entity>
    <Entity name="OS_IntEnableXcore" type="function">
      <Metric name="NPATH" value="3"/>
      <Metric name="STAKI" value="4"/>
      <Metric name="STAV1" value="1.000"/>
      <Metric name="STAV2" value="3.000"/>
      <Metric name="STAV3" value="5.000"/>
      <Metric name="STBAK" value="0"/>
      <Metric name="STCAL" value="1"/>
      <Metric name="STCYC" value="3"/>
      <Metric name="STELF" value="0"/>
      <Metric name="STFDN" value="6"/>
      <Metric name="STFDT" value="1"/>
      <Metric name="STFN1" value="1"/>
      <Metric name="STFN2" value="14"/>
      <Metric name="STGTO" value="0"/>
      <Metric name="STKDN" value="0.000"/>
      <Metric name="STKNT" value="0"/>
      <Metric name="STLCT" value="2"/>
      <Metric name="STLIN" value="0"/>
      <Metric name="STLOP" value="0"/>
      <Metric name="STM07" value="1"/>
      <Metric name="STM19" value="1"/>
      <Metric name="STMCC" value="0 (3:3)"/>
      <Metric name="STMIF" value="2"/>
      <Metric name="STPAR" value="0"/>
      <Metric name="STPBG" value="0"/>
      <Metric name="STPDN" value="1"/>
      <Metric name="STPTH" value="3"/>
      <Metric name="STST1" value="9"/>
      <Metric name="STST2" value="5"/>
      <Metric name="STST3" value="3"/>
      <Metric name="STSUB" value="1"/>
      <Metric name="STUNV" value="1"/>
      <Metric name="STXLN" value="4"/>
    </Entity>
    <Entity name="OS_SetupIsrFn" type="function">
      <Metric name="NPATH" value="4"/>
      <Metric name="STAKI" value="6"/>
      <Metric name="STAV1" value="16.000"/>
      <Metric name="STAV2" value="16.000"/>
      <Metric name="STAV3" value="16.000"/>
      <Metric name="STBAK" value="0"/>
      <Metric name="STCAL" value="1"/>
      <Metric name="STCYC" value="1"/>
      <Metric name="STELF" value="0"/>
      <Metric name="STFDN" value="9"/>
      <Metric name="STFDT" value="1"/>
      <Metric name="STFN1" value="1"/>
      <Metric name="STFN2" value="15"/>
      <Metric name="STGTO" value="0"/>
      <Metric name="STKDN" value="0.000"/>
      <Metric name="STKNT" value="0"/>
      <Metric name="STLCT" value="0"/>
      <Metric name="STLIN" value="0"/>
      <Metric name="STLOP" value="0"/>
      <Metric name="STM07" value="1"/>
      <Metric name="STM19" value="0"/>
      <Metric name="STMCC" value="0 (1:1)"/>
      <Metric name="STMIF" value="0"/>
      <Metric name="STPAR" value="1"/>
      <Metric name="STPBG" value="0"/>
      <Metric name="STPDN" value="1"/>
      <Metric name="STPTH" value="1"/>
      <Metric name="STST1" value="1"/>
      <Metric name="STST2" value="1"/>
      <Metric name="STST3" value="1"/>
      <Metric name="STSUB" value="5"/>
      <Metric name="STUNV" value="0"/>
      <Metric name="STXLN" value="1"/>
    </Entity>
    <Entity name="OS_TriggerIsrFn" type="function">
      <Metric name="NPATH" value="1"/>
      <Metric name="STAKI" value="1"/>
      <Metric name="STAV1" value="3.000"/>
      <Metric name="STAV2" value="3.000"/>
      <Metric name="STAV3" value="3.000"/>
      <Metric name="STBAK" value="0"/>
      <Metric name="STCAL" value="0"/>
      <Metric name="STCYC" value="1"/>
      <Metric name="STELF" value="0"/>
      <Metric name="STFDN" value="3"/>
      <Metric name="STFDT" value="1"/>
      <Metric name="STFN1" value="1"/>
      <Metric name="STFN2" value="6"/>
      <Metric name="STGTO" value="0"/>
      <Metric name="STKDN" value="0.000"/>
      <Metric name="STKNT" value="0"/>
      <Metric name="STLCT" value="0"/>
      <Metric name="STLIN" value="0"/>
      <Metric name="STLOP" value="0"/>
      <Metric name="STM07" value="1"/>
      <Metric name="STM19" value="0"/>
      <Metric name="STMCC" value="0 (1:1)"/>
      <Metric name="STMIF" value="0"/>
      <Metric name="STPAR" value="1"/>
      <Metric name="STPBG" value="0"/>
      <Metric name="STPDN" value="0"/>
      <Metric name="STPTH" value="1"/>
      <Metric name="STST1" value="2"/>
      <Metric name="STST2" value="2"/>
      <Metric name="STST3" value="2"/>
      <Metric name="STSUB" value="0"/>
      <Metric name="STUNV" value="0"/>
      <Metric name="STXLN" value="2"/>
    </Entity>
  </File>
  <File name="D:/Material/3_Project/C673/MFC5J3_C673_Mcu_App/00_AsrStack/plugins/Os_TS_T16D27M6I1R0/include/TRICORE/Os_tc38x.h"/>
  <File name="D:/Material/3_Project/C673/MFC5J3_C673_Mcu_App/00_AsrStack/plugins/Os_TS_T16D27M6I1R0/include/TRICORE/Os_tool_TRICORE.h"/>
  <File name="D:/Material/3_Project/C673/MFC5J3_C673_Mcu_App/00_AsrStack/plugins/Os_TS_T16D27M6I1R0/include/TRICORE/Os_tool_TRICORE_tasking.h">
    <Entity name="OS_AURIX_DISABLE" type="function">
      <Metric name="NPATH" value="1"/>
      <Metric name="STAKI" value="1"/>
      <Metric name="STAV1" value="2.000"/>
      <Metric name="STAV2" value="2.000"/>
      <Metric name="STAV3" value="4.000"/>
      <Metric name="STBAK" value="0"/>
      <Metric name="STCAL" value="0"/>
      <Metric name="STCYC" value="1"/>
      <Metric name="STELF" value="0"/>
      <Metric name="STFDN" value="2"/>
      <Metric name="STFDT" value="1"/>
      <Metric name="STFN1" value="1"/>
      <Metric name="STFN2" value="3"/>
      <Metric name="STGTO" value="0"/>
      <Metric name="STKDN" value="0.000"/>
      <Metric name="STKNT" value="0"/>
      <Metric name="STLCT" value="1"/>
      <Metric name="STLIN" value="0"/>
      <Metric name="STLOP" value="0"/>
      <Metric name="STM07" value="1"/>
      <Metric name="STM19" value="1"/>
      <Metric name="STMCC" value="0 (1:1)"/>
      <Metric name="STMIF" value="0"/>
      <Metric name="STPAR" value="0"/>
      <Metric name="STPBG" value="0"/>
      <Metric name="STPDN" value="0"/>
      <Metric name="STPTH" value="1"/>
      <Metric name="STST1" value="2"/>
      <Metric name="STST2" value="2"/>
      <Metric name="STST3" value="1"/>
      <Metric name="STSUB" value="0"/>
      <Metric name="STUNV" value="0"/>
      <Metric name="STXLN" value="2"/>
    </Entity>
    <Entity name="OS_AURIX_RESTORE" type="function">
      <Metric name="NPATH" value="1"/>
      <Metric name="STAKI" value="1"/>
      <Metric name="STAV1" value="0.000"/>
      <Metric name="STAV2" value="0.000"/>
      <Metric name="STAV3" value="0.000"/>
      <Metric name="STBAK" value="0"/>
      <Metric name="STCAL" value="0"/>
      <Metric name="STCYC" value="1"/>
      <Metric name="STELF" value="0"/>
      <Metric name="STFDN" value="0"/>
      <Metric name="STFDT" value="1"/>
      <Metric name="STFN1" value="1"/>
      <Metric name="STFN2" value="0"/>
      <Metric name="STGTO" value="0"/>
      <Metric name="STKDN" value="0.000"/>
      <Metric name="STKNT" value="0"/>
      <Metric name="STLCT" value="0"/>
      <Metric name="STLIN" value="0"/>
      <Metric name="STLOP" value="0"/>
      <Metric name="STM07" value="1"/>
      <Metric name="STM19" value="0"/>
      <Metric name="STMCC" value="0 (1:1)"/>
      <Metric name="STMIF" value="0"/>
      <Metric name="STPAR" value="1"/>
      <Metric name="STPBG" value="0"/>
      <Metric name="STPDN" value="1"/>
      <Metric name="STPTH" value="1"/>
      <Metric name="STST1" value="0"/>
      <Metric name="STST2" value="0"/>
      <Metric name="STST3" value="0"/>
      <Metric name="STSUB" value="0"/>
      <Metric name="STUNV" value="1"/>
      <Metric name="STXLN" value="1"/>
    </Entity>
    <Entity name="OS_MFA8" type="function">
      <Metric name="NPATH" value="1"/>
      <Metric name="STAKI" value="1"/>
      <Metric name="STAV1" value="1.000"/>
      <Metric name="STAV2" value="1.000"/>
      <Metric name="STAV3" value="3.000"/>
      <Metric name="STBAK" value="0"/>
      <Metric name="STCAL" value="0"/>
      <Metric name="STCYC" value="1"/>
      <Metric name="STELF" value="0"/>
      <Metric name="STFDN" value="1"/>
      <Metric name="STFDT" value="1"/>
      <Metric name="STFN1" value="1"/>
      <Metric name="STFN2" value="2"/>
      <Metric name="STGTO" value="0"/>
      <Metric name="STKDN" value="0.000"/>
      <Metric name="STKNT" value="0"/>
      <Metric name="STLCT" value="1"/>
      <Metric name="STLIN" value="0"/>
      <Metric name="STLOP" value="0"/>
      <Metric name="STM07" value="1"/>
      <Metric name="STM19" value="1"/>
      <Metric name="STMCC" value="0 (1:1)"/>
      <Metric name="STMIF" value="0"/>
      <Metric name="STPAR" value="0"/>
      <Metric name="STPBG" value="0"/>
      <Metric name="STPDN" value="0"/>
      <Metric name="STPTH" value="1"/>
      <Metric name="STST1" value="3"/>
      <Metric name="STST2" value="2"/>
      <Metric name="STST3" value="1"/>
      <Metric name="STSUB" value="0"/>
      <Metric name="STUNV" value="0"/>
      <Metric name="STXLN" value="2"/>
    </Entity>
    <Entity name="OS_MFRA" type="function">
      <Metric name="NPATH" value="1"/>
      <Metric name="STAKI" value="1"/>
      <Metric name="STAV1" value="1.000"/>
      <Metric name="STAV2" value="2.000"/>
      <Metric name="STAV3" value="4.000"/>
      <Metric name="STBAK" value="0"/>
      <Metric name="STCAL" value="0"/>
      <Metric name="STCYC" value="1"/>
      <Metric name="STELF" value="0"/>
      <Metric name="STFDN" value="2"/>
      <Metric name="STFDT" value="1"/>
      <Metric name="STFN1" value="1"/>
      <Metric name="STFN2" value="3"/>
      <Metric name="STGTO" value="0"/>
      <Metric name="STKDN" value="0.000"/>
      <Metric name="STKNT" value="0"/>
      <Metric name="STLCT" value="1"/>
      <Metric name="STLIN" value="0"/>
      <Metric name="STLOP" value="0"/>
      <Metric name="STM07" value="1"/>
      <Metric name="STM19" value="1"/>
      <Metric name="STMCC" value="0 (1:1)"/>
      <Metric name="STMIF" value="0"/>
      <Metric name="STPAR" value="0"/>
      <Metric name="STPBG" value="0"/>
      <Metric name="STPDN" value="0"/>
      <Metric name="STPTH" value="1"/>
      <Metric name="STST1" value="3"/>
      <Metric name="STST2" value="2"/>
      <Metric name="STST3" value="1"/>
      <Metric name="STSUB" value="0"/>
      <Metric name="STUNV" value="0"/>
      <Metric name="STXLN" value="2"/>
    </Entity>
    <Entity name="OS_MFSP" type="function">
      <Metric name="NPATH" value="1"/>
      <Metric name="STAKI" value="1"/>
      <Metric name="STAV1" value="1.000"/>
      <Metric name="STAV2" value="2.000"/>
      <Metric name="STAV3" value="4.000"/>
      <Metric name="STBAK" value="0"/>
      <Metric name="STCAL" value="0"/>
      <Metric name="STCYC" value="1"/>
      <Metric name="STELF" value="0"/>
      <Metric name="STFDN" value="2"/>
      <Metric name="STFDT" value="1"/>
      <Metric name="STFN1" value="1"/>
      <Metric name="STFN2" value="3"/>
      <Metric name="STGTO" value="0"/>
      <Metric name="STKDN" value="0.000"/>
      <Metric name="STKNT" value="0"/>
      <Metric name="STLCT" value="1"/>
      <Metric name="STLIN" value="0"/>
      <Metric name="STLOP" value="0"/>
      <Metric name="STM07" value="1"/>
      <Metric name="STM19" value="1"/>
      <Metric name="STMCC" value="0 (1:1)"/>
      <Metric name="STMIF" value="0"/>
      <Metric name="STPAR" value="0"/>
      <Metric name="STPBG" value="0"/>
      <Metric name="STPDN" value="0"/>
      <Metric name="STPTH" value="1"/>
      <Metric name="STST1" value="3"/>
      <Metric name="STST2" value="2"/>
      <Metric name="STST3" value="1"/>
      <Metric name="STSUB" value="0"/>
      <Metric name="STUNV" value="0"/>
      <Metric name="STXLN" value="2"/>
    </Entity>
  </File>
  <File name="D:/Material/3_Project/C673/MFC5J3_C673_Mcu_App/00_AsrStack/plugins/Os_TS_T16D27M6I1R0/include/TRICORE/Os_types_TRICORE.h"/>
  <File name="D:/Material/3_Project/C673/MFC5J3_C673_Mcu_App/00_AsrStack/plugins/Os_TS_T16D27M6I1R0/include/TRICORE/TC38XQ/Os_tc38xq.h"/>
  <File name="D:/Material/3_Project/C673/MFC5J3_C673_Mcu_App/00_AsrStack/plugins/Os_TS_T16D27M6I1R0/include/TRICORE/TC38XQ/Os_types_TC38XQ.h"/>
  <File name="D:/Material/3_Project/C673/MFC5J3_C673_Mcu_App/00_AsrStack/plugins/Platforms_TS_T16DxM4I0R0/include/Platforms_TSPlatforms.h"/>
  <File name="D:/Material/3_Project/C673/MFC5J3_C673_Mcu_App/01_AsrConfig/output/generated/inc/CanTrcv_8_Tja1043_Cfg.h"/>
  <File name="D:/Material/3_Project/C673/MFC5J3_C673_Mcu_App/01_AsrConfig/output/generated/inc/Dio_Cfg.h"/>
  <File name="D:/Material/3_Project/C673/MFC5J3_C673_Mcu_App/01_AsrConfig/output/generated/inc/I2c_Cfg.h"/>
  <File name="D:/Material/3_Project/C673/MFC5J3_C673_Mcu_App/01_AsrConfig/output/generated/inc/I2c_PBcfg.h"/>
  <File name="D:/Material/3_Project/C673/MFC5J3_C673_Mcu_App/01_AsrConfig/output/generated/inc/McalLib_Cfg.h"/>
  <File name="D:/Material/3_Project/C673/MFC5J3_C673_Mcu_App/01_AsrConfig/output/generated/inc/Mcu_Cfg.h"/>
  <File name="D:/Material/3_Project/C673/MFC5J3_C673_Mcu_App/01_AsrConfig/output/generated/inc/Mcu_PBcfg.h"/>
  <File name="D:/Material/3_Project/C673/MFC5J3_C673_Mcu_App/01_AsrConfig/output/generated/include/Atomics_MemMap.h"/>
  <File name="D:/Material/3_Project/C673/MFC5J3_C673_Mcu_App/01_AsrConfig/output/generated/include/CanIf_Cfg.h"/>
  <File name="D:/Material/3_Project/C673/MFC5J3_C673_Mcu_App/01_AsrConfig/output/generated/include/CanIf_MemMap.h"/>
  <File name="D:/Material/3_Project/C673/MFC5J3_C673_Mcu_App/01_AsrConfig/output/generated/include/CanIf_PBcfg.h"/>
  <File name="D:/Material/3_Project/C673/MFC5J3_C673_Mcu_App/01_AsrConfig/output/generated/include/CanIf_SymbolicNames_PBcfg.h"/>
  <File name="D:/Material/3_Project/C673/MFC5J3_C673_Mcu_App/01_AsrConfig/output/generated/include/CanIf_Types.h"/>
  <File name="D:/Material/3_Project/C673/MFC5J3_C673_Mcu_App/01_AsrConfig/output/generated/include/CanIf_Types_Int.h"/>
  <File name="D:/Material/3_Project/C673/MFC5J3_C673_Mcu_App/01_AsrConfig/output/generated/include/Can_GeneralTypes_Cfg.h"/>
  <File name="D:/Material/3_Project/C673/MFC5J3_C673_Mcu_App/01_AsrConfig/output/generated/include/ComStack_Cfg.h"/>
  <File name="D:/Material/3_Project/C673/MFC5J3_C673_Mcu_App/01_AsrConfig/output/generated/include/Compiler_CfgExtMcal.h"/>
  <File name="D:/Material/3_Project/C673/MFC5J3_C673_Mcu_App/01_AsrConfig/output/generated/include/Compiler_CfgInt.h"/>
  <File name="D:/Material/3_Project/C673/MFC5J3_C673_Mcu_App/01_AsrConfig/output/generated/include/Det_Cfg.h"/>
  <File name="D:/Material/3_Project/C673/MFC5J3_C673_Mcu_App/01_AsrConfig/output/generated/include/Det_MemMap.h"/>
  <File name="D:/Material/3_Project/C673/MFC5J3_C673_Mcu_App/01_AsrConfig/output/generated/include/Dio_MemMap.h"/>
  <File name="D:/Material/3_Project/C673/MFC5J3_C673_Mcu_App/01_AsrConfig/output/generated/include/EcuM_Cfg.h"/>
  <File name="D:/Material/3_Project/C673/MFC5J3_C673_Mcu_App/01_AsrConfig/output/generated/include/EcuM_MemMap.h"/>
  <File name="D:/Material/3_Project/C673/MFC5J3_C673_Mcu_App/01_AsrConfig/output/generated/include/EcuM_PbCfgTypes.h"/>
  <File name="D:/Material/3_Project/C673/MFC5J3_C673_Mcu_App/01_AsrConfig/output/generated/include/I2c_MemMap.h"/>
  <File name="D:/Material/3_Project/C673/MFC5J3_C673_Mcu_App/01_AsrConfig/output/generated/include/McalLib_MemMap.h"/>
  <File name="D:/Material/3_Project/C673/MFC5J3_C673_Mcu_App/01_AsrConfig/output/generated/include/Mcu_MemMap.h"/>
  <File name="D:/Material/3_Project/C673/MFC5J3_C673_Mcu_App/01_AsrConfig/output/generated/include/Os_kconfig.h"/>
  <File name="D:/Material/3_Project/C673/MFC5J3_C673_Mcu_App/01_AsrConfig/output/generated/include/Os_libcfg.h"/>
  <File name="D:/Material/3_Project/C673/MFC5J3_C673_Mcu_App/01_AsrConfig/output/generated/include/Os_user.h"/>
  <File name="D:/Material/3_Project/C673/MFC5J3_C673_Mcu_App/01_AsrConfig/output/generated/include/Platform_Types.h"/>
  <File name="D:/Material/3_Project/C673/MFC5J3_C673_Mcu_App/01_AsrConfig/output/generated/include/TSAutosar_Cfg.h"/>
  <File name="D:/Material/3_Project/C673/MFC5J3_C673_Mcu_App/02_SrcAppl/EbIntegr/boards/TriboardTC387TH_DPM/board.h"/>
  <File name="D:/Material/3_Project/C673/MFC5J3_C673_Mcu_App/02_SrcAppl/EbIntegr/boards/TriboardTC387TH_DPM/board_version_check.h"/>
  <File name="D:/Material/3_Project/C673/MFC5J3_C673_Mcu_App/02_SrcAppl/Platform/Compiler_Cfg.h"/>
  <File name="D:/Material/3_Project/C673/MFC5J3_C673_Mcu_App/02_SrcAppl/PmicServ/Cdd_Sbc_Cfg.h"/>
  <File name="D:/Material/3_Project/C673/MFC5J3_C673_Mcu_App/02_SrcAppl/PmicServ/FS8x_driver/pmi_driver.h"/>
  <File name="D:/Material/3_Project/C673/MFC5J3_C673_Mcu_App/02_SrcAppl/PmicServ/FS8x_driver/sbc_fs8x.h"/>
  <File name="D:/Material/3_Project/C673/MFC5J3_C673_Mcu_App/02_SrcAppl/PmicServ/FS8x_driver/sbc_fs8x_assert.h"/>
  <File name="D:/Material/3_Project/C673/MFC5J3_C673_Mcu_App/02_SrcAppl/PmicServ/FS8x_driver/sbc_fs8x_common.h"/>
  <File name="D:/Material/3_Project/C673/MFC5J3_C673_Mcu_App/02_SrcAppl/PmicServ/FS8x_driver/sbc_fs8x_communication.h"/>
  <File name="D:/Material/3_Project/C673/MFC5J3_C673_Mcu_App/02_SrcAppl/PmicServ/FS8x_driver/sbc_fs8x_map.h"/>
  <File name="D:/Material/3_Project/C673/MFC5J3_C673_Mcu_App/02_SrcAppl/PmicServ/PF5xdriver/pmic_pf5024_map.h"/>
  <File name="D:/Material/3_Project/C673/MFC5J3_C673_Mcu_App/02_SrcAppl/PmicServ/PF5xdriver/pmic_pf502x.h"/>
  <File name="D:/Material/3_Project/C673/MFC5J3_C673_Mcu_App/02_SrcAppl/PmicServ/PF5xdriver/pmic_pf502x_assert.h"/>
  <File name="D:/Material/3_Project/C673/MFC5J3_C673_Mcu_App/02_SrcAppl/PmicServ/PF5xdriver/pmic_pf502x_common.h"/>
  <File name="D:/Material/3_Project/C673/MFC5J3_C673_Mcu_App/02_SrcAppl/PmicServ/PF8X_driver/pmic_pf81_map.h"/>
  <File name="D:/Material/3_Project/C673/MFC5J3_C673_Mcu_App/02_SrcAppl/PmicServ/PF8X_driver/pmic_pf82_map.h"/>
  <File name="D:/Material/3_Project/C673/MFC5J3_C673_Mcu_App/02_SrcAppl/PmicServ/PF8X_driver/pmic_pf8x.h"/>
  <File name="D:/Material/3_Project/C673/MFC5J3_C673_Mcu_App/02_SrcAppl/PmicServ/PF8X_driver/pmic_pf8x_assert.h"/>
  <File name="D:/Material/3_Project/C673/MFC5J3_C673_Mcu_App/02_SrcAppl/PmicServ/PF8X_driver/pmic_pf8x_common.h"/>
  <File name="D:/Material/3_Project/C673/MFC5J3_C673_Mcu_App/02_SrcAppl/SysM/Gp_PowerCtrl/Cdd_Pmc.c">
    <Entity name="D:/Material/3_Project/C673/MFC5J3_C673_Mcu_App/02_SrcAppl/SysM/Gp_PowerCtrl/Cdd_Pmc.c" type="file">
      <Metric name="STBME" value="3.147"/>
      <Metric name="STBMO" value="2.134"/>
      <Metric name="STBMS" value="2.646"/>
      <Metric name="STBUG" value="3"/>
      <Metric name="STCDN" value="1.884"/>
      <Metric name="STDEV" value="27.457"/>
      <Metric name="STDIF" value="10.028"/>
      <Metric name="STECT" value="3"/>
      <Metric name="STEFF" value="164742"/>
      <Metric name="STFCO" value="52"/>
      <Metric name="STFNC" value="25"/>
      <Metric name="STHAL" value="2347"/>
      <Metric name="STM20" value="674"/>
      <Metric name="STM21" value="1310"/>
      <Metric name="STM22" value="143"/>
      <Metric name="STM28" value="151"/>
      <Metric name="STM33" value="121"/>
      <Metric name="STOPN" value="270"/>
      <Metric name="STOPT" value="33"/>
      <Metric name="STSCT" value="2"/>
      <Metric name="STSHN" value="8636"/>
      <Metric name="STTDE" value="3.608"/>
      <Metric name="STTDO" value="3.334"/>
      <Metric name="STTDS" value="3.514"/>
      <Metric name="STTLN" value="272"/>
      <Metric name="STTOT" value="1993"/>
      <Metric name="STTPP" value="894"/>
      <Metric name="STVAR" value="210"/>
      <Metric name="STVOL" value="16429"/>
      <Metric name="STZIP" value="1906"/>
    </Entity>
    <Entity name="Cdd_Pmc_CamPowerOff" type="function">
      <Metric name="NPATH" value="1"/>
      <Metric name="STAKI" value="2"/>
      <Metric name="STAV1" value="8.000"/>
      <Metric name="STAV2" value="8.000"/>
      <Metric name="STAV3" value="8.000"/>
      <Metric name="STBAK" value="0"/>
      <Metric name="STCAL" value="1"/>
      <Metric name="STCYC" value="1"/>
      <Metric name="STELF" value="0"/>
      <Metric name="STFDN" value="2"/>
      <Metric name="STFDT" value="6"/>
      <Metric name="STFN1" value="6"/>
      <Metric name="STFN2" value="2"/>
      <Metric name="STGTO" value="0"/>
      <Metric name="STKDN" value="0.000"/>
      <Metric name="STKNT" value="0"/>
      <Metric name="STLCT" value="0"/>
      <Metric name="STLIN" value="1"/>
      <Metric name="STLOP" value="0"/>
      <Metric name="STM07" value="1"/>
      <Metric name="STM19" value="0"/>
      <Metric name="STMCC" value="0 (1:1)"/>
      <Metric name="STMIF" value="0"/>
      <Metric name="STPAR" value="0"/>
      <Metric name="STPBG" value="0"/>
      <Metric name="STPDN" value="1"/>
      <Metric name="STPTH" value="1"/>
      <Metric name="STST1" value="1"/>
      <Metric name="STST2" value="1"/>
      <Metric name="STST3" value="1"/>
      <Metric name="STSUB" value="1"/>
      <Metric name="STUNV" value="0"/>
      <Metric name="STXLN" value="1"/>
    </Entity>
    <Entity name="Cdd_Pmc_CamPowerOn" type="function">
      <Metric name="NPATH" value="1"/>
      <Metric name="STAKI" value="2"/>
      <Metric name="STAV1" value="8.000"/>
      <Metric name="STAV2" value="8.000"/>
      <Metric name="STAV3" value="8.000"/>
      <Metric name="STBAK" value="0"/>
      <Metric name="STCAL" value="1"/>
      <Metric name="STCYC" value="1"/>
      <Metric name="STELF" value="0"/>
      <Metric name="STFDN" value="2"/>
      <Metric name="STFDT" value="6"/>
      <Metric name="STFN1" value="6"/>
      <Metric name="STFN2" value="2"/>
      <Metric name="STGTO" value="0"/>
      <Metric name="STKDN" value="0.000"/>
      <Metric name="STKNT" value="0"/>
      <Metric name="STLCT" value="0"/>
      <Metric name="STLIN" value="1"/>
      <Metric name="STLOP" value="0"/>
      <Metric name="STM07" value="1"/>
      <Metric name="STM19" value="0"/>
      <Metric name="STMCC" value="0 (1:1)"/>
      <Metric name="STMIF" value="0"/>
      <Metric name="STPAR" value="0"/>
      <Metric name="STPBG" value="0"/>
      <Metric name="STPDN" value="1"/>
      <Metric name="STPTH" value="1"/>
      <Metric name="STST1" value="1"/>
      <Metric name="STST2" value="1"/>
      <Metric name="STST3" value="1"/>
      <Metric name="STSUB" value="1"/>
      <Metric name="STUNV" value="0"/>
      <Metric name="STXLN" value="1"/>
    </Entity>
    <Entity name="Cdd_Pmc_CanTrvGotoSleep" type="function">
      <Metric name="NPATH" value="1"/>
      <Metric name="STAKI" value="3"/>
      <Metric name="STAV1" value="11.000"/>
      <Metric name="STAV2" value="11.000"/>
      <Metric name="STAV3" value="11.000"/>
      <Metric name="STBAK" value="0"/>
      <Metric name="STCAL" value="1"/>
      <Metric name="STCYC" value="1"/>
      <Metric name="STELF" value="0"/>
      <Metric name="STFDN" value="5"/>
      <Metric name="STFDT" value="7"/>
      <Metric name="STFN1" value="16"/>
      <Metric name="STFN2" value="6"/>
      <Metric name="STGTO" value="0"/>
      <Metric name="STKDN" value="0.000"/>
      <Metric name="STKNT" value="0"/>
      <Metric name="STLCT" value="0"/>
      <Metric name="STLIN" value="2"/>
      <Metric name="STLOP" value="0"/>
      <Metric name="STM07" value="1"/>
      <Metric name="STM19" value="0"/>
      <Metric name="STMCC" value="0 (1:1)"/>
      <Metric name="STMIF" value="0"/>
      <Metric name="STPAR" value="0"/>
      <Metric name="STPBG" value="0"/>
      <Metric name="STPDN" value="0"/>
      <Metric name="STPTH" value="1"/>
      <Metric name="STST1" value="2"/>
      <Metric name="STST2" value="2"/>
      <Metric name="STST3" value="2"/>
      <Metric name="STSUB" value="2"/>
      <Metric name="STUNV" value="0"/>
      <Metric name="STXLN" value="2"/>
    </Entity>
    <Entity name="Cdd_Pmc_ClrDieTempOverFlow" type="function">
      <Metric name="NPATH" value="1"/>
      <Metric name="STAKI" value="1"/>
      <Metric name="STAV1" value="10.000"/>
      <Metric name="STAV2" value="10.000"/>
      <Metric name="STAV3" value="10.000"/>
      <Metric name="STBAK" value="0"/>
      <Metric name="STCAL" value="0"/>
      <Metric name="STCYC" value="1"/>
      <Metric name="STELF" value="0"/>
      <Metric name="STFDN" value="4"/>
      <Metric name="STFDT" value="5"/>
      <Metric name="STFN1" value="6"/>
      <Metric name="STFN2" value="4"/>
      <Metric name="STGTO" value="0"/>
      <Metric name="STKDN" value="0.000"/>
      <Metric name="STKNT" value="0"/>
      <Metric name="STLCT" value="0"/>
      <Metric name="STLIN" value="1"/>
      <Metric name="STLOP" value="0"/>
      <Metric name="STM07" value="1"/>
      <Metric name="STM19" value="0"/>
      <Metric name="STMCC" value="0 (1:1)"/>
      <Metric name="STMIF" value="0"/>
      <Metric name="STPAR" value="0"/>
      <Metric name="STPBG" value="0"/>
      <Metric name="STPDN" value="1"/>
      <Metric name="STPTH" value="1"/>
      <Metric name="STST1" value="1"/>
      <Metric name="STST2" value="1"/>
      <Metric name="STST3" value="1"/>
      <Metric name="STSUB" value="0"/>
      <Metric name="STUNV" value="0"/>
      <Metric name="STXLN" value="1"/>
    </Entity>
    <Entity name="Cdd_Pmc_ClrDieTempUnderFlow" type="function">
      <Metric name="NPATH" value="1"/>
      <Metric name="STAKI" value="1"/>
      <Metric name="STAV1" value="10.000"/>
      <Metric name="STAV2" value="10.000"/>
      <Metric name="STAV3" value="10.000"/>
      <Metric name="STBAK" value="0"/>
      <Metric name="STCAL" value="0"/>
      <Metric name="STCYC" value="1"/>
      <Metric name="STELF" value="0"/>
      <Metric name="STFDN" value="4"/>
      <Metric name="STFDT" value="5"/>
      <Metric name="STFN1" value="6"/>
      <Metric name="STFN2" value="4"/>
      <Metric name="STGTO" value="0"/>
      <Metric name="STKDN" value="0.000"/>
      <Metric name="STKNT" value="0"/>
      <Metric name="STLCT" value="0"/>
      <Metric name="STLIN" value="1"/>
      <Metric name="STLOP" value="0"/>
      <Metric name="STM07" value="1"/>
      <Metric name="STM19" value="0"/>
      <Metric name="STMCC" value="0 (1:1)"/>
      <Metric name="STMIF" value="0"/>
      <Metric name="STPAR" value="0"/>
      <Metric name="STPBG" value="0"/>
      <Metric name="STPDN" value="1"/>
      <Metric name="STPTH" value="1"/>
      <Metric name="STST1" value="1"/>
      <Metric name="STST2" value="1"/>
      <Metric name="STST3" value="1"/>
      <Metric name="STSUB" value="0"/>
      <Metric name="STUNV" value="0"/>
      <Metric name="STXLN" value="1"/>
    </Entity>
    <Entity name="Cdd_Pmc_GetCoreDieTemperature" type="function">
      <Metric name="NPATH" value="1"/>
      <Metric name="STAKI" value="1"/>
      <Metric name="STAV1" value="15.000"/>
      <Metric name="STAV2" value="15.000"/>
      <Metric name="STAV3" value="15.000"/>
      <Metric name="STBAK" value="0"/>
      <Metric name="STCAL" value="0"/>
      <Metric name="STCYC" value="1"/>
      <Metric name="STELF" value="0"/>
      <Metric name="STFDN" value="8"/>
      <Metric name="STFDT" value="11"/>
      <Metric name="STFN1" value="21"/>
      <Metric name="STFN2" value="9"/>
      <Metric name="STGTO" value="0"/>
      <Metric name="STKDN" value="0.000"/>
      <Metric name="STKNT" value="0"/>
      <Metric name="STLCT" value="0"/>
      <Metric name="STLIN" value="3"/>
      <Metric name="STLOP" value="0"/>
      <Metric name="STM07" value="1"/>
      <Metric name="STM19" value="1"/>
      <Metric name="STMCC" value="0 (1:1)"/>
      <Metric name="STMIF" value="0"/>
      <Metric name="STPAR" value="0"/>
      <Metric name="STPBG" value="0"/>
      <Metric name="STPDN" value="0"/>
      <Metric name="STPTH" value="1"/>
      <Metric name="STST1" value="2"/>
      <Metric name="STST2" value="2"/>
      <Metric name="STST3" value="2"/>
      <Metric name="STSUB" value="0"/>
      <Metric name="STUNV" value="0"/>
      <Metric name="STXLN" value="2"/>
    </Entity>
    <Entity name="Cdd_Pmc_GetDieTempOverFlow" type="function">
      <Metric name="NPATH" value="1"/>
      <Metric name="STAKI" value="1"/>
      <Metric name="STAV1" value="16.000"/>
      <Metric name="STAV2" value="16.000"/>
      <Metric name="STAV3" value="16.000"/>
      <Metric name="STBAK" value="0"/>
      <Metric name="STCAL" value="0"/>
      <Metric name="STCYC" value="1"/>
      <Metric name="STELF" value="0"/>
      <Metric name="STFDN" value="4"/>
      <Metric name="STFDT" value="7"/>
      <Metric name="STFN1" value="12"/>
      <Metric name="STFN2" value="4"/>
      <Metric name="STGTO" value="0"/>
      <Metric name="STKDN" value="0.000"/>
      <Metric name="STKNT" value="0"/>
      <Metric name="STLCT" value="0"/>
      <Metric name="STLIN" value="1"/>
      <Metric name="STLOP" value="0"/>
      <Metric name="STM07" value="1"/>
      <Metric name="STM19" value="1"/>
      <Metric name="STMCC" value="0 (1:1)"/>
      <Metric name="STMIF" value="0"/>
      <Metric name="STPAR" value="0"/>
      <Metric name="STPBG" value="0"/>
      <Metric name="STPDN" value="1"/>
      <Metric name="STPTH" value="1"/>
      <Metric name="STST1" value="1"/>
      <Metric name="STST2" value="1"/>
      <Metric name="STST3" value="1"/>
      <Metric name="STSUB" value="0"/>
      <Metric name="STUNV" value="0"/>
      <Metric name="STXLN" value="1"/>
    </Entity>
    <Entity name="Cdd_Pmc_GetDieTempUnderFlow" type="function">
      <Metric name="NPATH" value="1"/>
      <Metric name="STAKI" value="1"/>
      <Metric name="STAV1" value="16.000"/>
      <Metric name="STAV2" value="16.000"/>
      <Metric name="STAV3" value="16.000"/>
      <Metric name="STBAK" value="0"/>
      <Metric name="STCAL" value="0"/>
      <Metric name="STCYC" value="1"/>
      <Metric name="STELF" value="0"/>
      <Metric name="STFDN" value="4"/>
      <Metric name="STFDT" value="7"/>
      <Metric name="STFN1" value="12"/>
      <Metric name="STFN2" value="4"/>
      <Metric name="STGTO" value="0"/>
      <Metric name="STKDN" value="0.000"/>
      <Metric name="STKNT" value="0"/>
      <Metric name="STLCT" value="0"/>
      <Metric name="STLIN" value="1"/>
      <Metric name="STLOP" value="0"/>
      <Metric name="STM07" value="1"/>
      <Metric name="STM19" value="1"/>
      <Metric name="STMCC" value="0 (1:1)"/>
      <Metric name="STMIF" value="0"/>
      <Metric name="STPAR" value="0"/>
      <Metric name="STPBG" value="0"/>
      <Metric name="STPDN" value="1"/>
      <Metric name="STPTH" value="1"/>
      <Metric name="STST1" value="1"/>
      <Metric name="STST2" value="1"/>
      <Metric name="STST3" value="1"/>
      <Metric name="STSUB" value="0"/>
      <Metric name="STUNV" value="0"/>
      <Metric name="STXLN" value="1"/>
    </Entity>
    <Entity name="Cdd_Pmc_GetDieTemperature" type="function">
      <Metric name="NPATH" value="1"/>
      <Metric name="STAKI" value="1"/>
      <Metric name="STAV1" value="15.000"/>
      <Metric name="STAV2" value="15.000"/>
      <Metric name="STAV3" value="15.000"/>
      <Metric name="STBAK" value="0"/>
      <Metric name="STCAL" value="0"/>
      <Metric name="STCYC" value="1"/>
      <Metric name="STELF" value="0"/>
      <Metric name="STFDN" value="3"/>
      <Metric name="STFDT" value="9"/>
      <Metric name="STFN1" value="12"/>
      <Metric name="STFN2" value="3"/>
      <Metric name="STGTO" value="0"/>
      <Metric name="STKDN" value="0.000"/>
      <Metric name="STKNT" value="0"/>
      <Metric name="STLCT" value="0"/>
      <Metric name="STLIN" value="1"/>
      <Metric name="STLOP" value="0"/>
      <Metric name="STM07" value="1"/>
      <Metric name="STM19" value="1"/>
      <Metric name="STMCC" value="0 (1:1)"/>
      <Metric name="STMIF" value="0"/>
      <Metric name="STPAR" value="0"/>
      <Metric name="STPBG" value="0"/>
      <Metric name="STPDN" value="1"/>
      <Metric name="STPTH" value="1"/>
      <Metric name="STST1" value="1"/>
      <Metric name="STST2" value="1"/>
      <Metric name="STST3" value="1"/>
      <Metric name="STSUB" value="0"/>
      <Metric name="STUNV" value="0"/>
      <Metric name="STXLN" value="1"/>
    </Entity>
    <Entity name="Cdd_Pmc_GetPmicIOState" type="function">
      <Metric name="NPATH" value="1"/>
      <Metric name="STAKI" value="12"/>
      <Metric name="STAV1" value="8.000"/>
      <Metric name="STAV2" value="8.000"/>
      <Metric name="STAV3" value="8.000"/>
      <Metric name="STBAK" value="0"/>
      <Metric name="STCAL" value="1"/>
      <Metric name="STCYC" value="1"/>
      <Metric name="STELF" value="0"/>
      <Metric name="STFDN" value="15"/>
      <Metric name="STFDT" value="8"/>
      <Metric name="STFN1" value="60"/>
      <Metric name="STFN2" value="47"/>
      <Metric name="STGTO" value="0"/>
      <Metric name="STKDN" value="0.000"/>
      <Metric name="STKNT" value="0"/>
      <Metric name="STLCT" value="1"/>
      <Metric name="STLIN" value="15"/>
      <Metric name="STLOP" value="0"/>
      <Metric name="STM07" value="1"/>
      <Metric name="STM19" value="1"/>
      <Metric name="STMCC" value="0 (1:1)"/>
      <Metric name="STMIF" value="0"/>
      <Metric name="STPAR" value="0"/>
      <Metric name="STPBG" value="0"/>
      <Metric name="STPDN" value="0"/>
      <Metric name="STPTH" value="1"/>
      <Metric name="STST1" value="13"/>
      <Metric name="STST2" value="13"/>
      <Metric name="STST3" value="12"/>
      <Metric name="STSUB" value="11"/>
      <Metric name="STUNV" value="0"/>
      <Metric name="STXLN" value="12"/>
    </Entity>
    <Entity name="Cdd_Pmc_GetPmsVoltageErrorStatus" type="function">
      <Metric name="NPATH" value="65536"/>
      <Metric name="STAKI" value="1"/>
      <Metric name="STAV1" value="20.000"/>
      <Metric name="STAV2" value="20.000"/>
      <Metric name="STAV3" value="21.000"/>
      <Metric name="STBAK" value="0"/>
      <Metric name="STCAL" value="0"/>
      <Metric name="STCYC" value="1"/>
      <Metric name="STELF" value="0"/>
      <Metric name="STFDN" value="54"/>
      <Metric name="STFDT" value="11"/>
      <Metric name="STFN1" value="245"/>
      <Metric name="STFN2" value="115"/>
      <Metric name="STGTO" value="0"/>
      <Metric name="STKDN" value="0.000"/>
      <Metric name="STKNT" value="0"/>
      <Metric name="STLCT" value="1"/>
      <Metric name="STLIN" value="33"/>
      <Metric name="STLOP" value="0"/>
      <Metric name="STM07" value="1"/>
      <Metric name="STM19" value="1"/>
      <Metric name="STMCC" value="0 (1:1)"/>
      <Metric name="STMIF" value="0"/>
      <Metric name="STPAR" value="0"/>
      <Metric name="STPBG" value="0"/>
      <Metric name="STPDN" value="0"/>
      <Metric name="STPTH" value="1"/>
      <Metric name="STST1" value="18"/>
      <Metric name="STST2" value="18"/>
      <Metric name="STST3" value="17"/>
      <Metric name="STSUB" value="0"/>
      <Metric name="STUNV" value="0"/>
      <Metric name="STXLN" value="17"/>
    </Entity>
    <Entity name="Cdd_Pmc_GetPmsVoltageResult" type="function">
      <Metric name="NPATH" value="1"/>
      <Metric name="STAKI" value="1"/>
      <Metric name="STAV1" value="19.000"/>
      <Metric name="STAV2" value="19.000"/>
      <Metric name="STAV3" value="20.000"/>
      <Metric name="STBAK" value="0"/>
      <Metric name="STCAL" value="0"/>
      <Metric name="STCYC" value="1"/>
      <Metric name="STELF" value="0"/>
      <Metric name="STFDN" value="40"/>
      <Metric name="STFDT" value="11"/>
      <Metric name="STFN1" value="134"/>
      <Metric name="STFN2" value="75"/>
      <Metric name="STGTO" value="0"/>
      <Metric name="STKDN" value="0.000"/>
      <Metric name="STKNT" value="0"/>
      <Metric name="STLCT" value="1"/>
      <Metric name="STLIN" value="13"/>
      <Metric name="STLOP" value="0"/>
      <Metric name="STM07" value="1"/>
      <Metric name="STM19" value="1"/>
      <Metric name="STMCC" value="0 (1:1)"/>
      <Metric name="STMIF" value="0"/>
      <Metric name="STPAR" value="0"/>
      <Metric name="STPBG" value="0"/>
      <Metric name="STPDN" value="0"/>
      <Metric name="STPTH" value="1"/>
      <Metric name="STST1" value="11"/>
      <Metric name="STST2" value="11"/>
      <Metric name="STST3" value="10"/>
      <Metric name="STSUB" value="0"/>
      <Metric name="STUNV" value="0"/>
      <Metric name="STXLN" value="10"/>
    </Entity>
    <Entity name="Cdd_Pmc_Init" type="function">
      <Metric name="NPATH" value="2"/>
      <Metric name="STAKI" value="23"/>
      <Metric name="STAV1" value="8.000"/>
      <Metric name="STAV2" value="9.000"/>
      <Metric name="STAV3" value="9.000"/>
      <Metric name="STBAK" value="0"/>
      <Metric name="STCAL" value="12"/>
      <Metric name="STCYC" value="2"/>
      <Metric name="STELF" value="0"/>
      <Metric name="STFDN" value="31"/>
      <Metric name="STFDT" value="14"/>
      <Metric name="STFN1" value="164"/>
      <Metric name="STFN2" value="66"/>
      <Metric name="STGTO" value="0"/>
      <Metric name="STKDN" value="0.000"/>
      <Metric name="STKNT" value="0"/>
      <Metric name="STLCT" value="2"/>
      <Metric name="STLIN" value="43"/>
      <Metric name="STLOP" value="0"/>
      <Metric name="STM07" value="1"/>
      <Metric name="STM19" value="0"/>
      <Metric name="STMCC" value="0 (2:2)"/>
      <Metric name="STMIF" value="1"/>
      <Metric name="STPAR" value="0"/>
      <Metric name="STPBG" value="0"/>
      <Metric name="STPDN" value="0"/>
      <Metric name="STPTH" value="2"/>
      <Metric name="STST1" value="26"/>
      <Metric name="STST2" value="25"/>
      <Metric name="STST3" value="24"/>
      <Metric name="STSUB" value="21"/>
      <Metric name="STUNV" value="0"/>
      <Metric name="STXLN" value="25"/>
    </Entity>
    <Entity name="Cdd_Pmc_McuHardReset" type="function">
      <Metric name="NPATH" value="1"/>
      <Metric name="STAKI" value="4"/>
      <Metric name="STAV1" value="9.000"/>
      <Metric name="STAV2" value="9.000"/>
      <Metric name="STAV3" value="9.000"/>
      <Metric name="STBAK" value="0"/>
      <Metric name="STCAL" value="3"/>
      <Metric name="STCYC" value="1"/>
      <Metric name="STELF" value="0"/>
      <Metric name="STFDN" value="4"/>
      <Metric name="STFDT" value="7"/>
      <Metric name="STFN1" value="23"/>
      <Metric name="STFN2" value="6"/>
      <Metric name="STGTO" value="0"/>
      <Metric name="STKDN" value="0.000"/>
      <Metric name="STKNT" value="0"/>
      <Metric name="STLCT" value="0"/>
      <Metric name="STLIN" value="5"/>
      <Metric name="STLOP" value="0"/>
      <Metric name="STM07" value="1"/>
      <Metric name="STM19" value="0"/>
      <Metric name="STMCC" value="0 (1:1)"/>
      <Metric name="STMIF" value="0"/>
      <Metric name="STPAR" value="0"/>
      <Metric name="STPBG" value="0"/>
      <Metric name="STPDN" value="0"/>
      <Metric name="STPTH" value="1"/>
      <Metric name="STST1" value="3"/>
      <Metric name="STST2" value="3"/>
      <Metric name="STST3" value="3"/>
      <Metric name="STSUB" value="3"/>
      <Metric name="STUNV" value="0"/>
      <Metric name="STXLN" value="3"/>
    </Entity>
    <Entity name="Cdd_Pmc_McuSoftReset" type="function">
      <Metric name="NPATH" value="1"/>
      <Metric name="STAKI" value="6"/>
      <Metric name="STAV1" value="8.000"/>
      <Metric name="STAV2" value="8.000"/>
      <Metric name="STAV3" value="8.000"/>
      <Metric name="STBAK" value="0"/>
      <Metric name="STCAL" value="5"/>
      <Metric name="STCYC" value="1"/>
      <Metric name="STELF" value="0"/>
      <Metric name="STFDN" value="6"/>
      <Metric name="STFDT" value="7"/>
      <Metric name="STFN1" value="33"/>
      <Metric name="STFN2" value="9"/>
      <Metric name="STGTO" value="0"/>
      <Metric name="STKDN" value="0.000"/>
      <Metric name="STKNT" value="0"/>
      <Metric name="STLCT" value="0"/>
      <Metric name="STLIN" value="5"/>
      <Metric name="STLOP" value="0"/>
      <Metric name="STM07" value="1"/>
      <Metric name="STM19" value="0"/>
      <Metric name="STMCC" value="0 (1:1)"/>
      <Metric name="STMIF" value="0"/>
      <Metric name="STPAR" value="0"/>
      <Metric name="STPBG" value="0"/>
      <Metric name="STPDN" value="0"/>
      <Metric name="STPTH" value="1"/>
      <Metric name="STST1" value="5"/>
      <Metric name="STST2" value="5"/>
      <Metric name="STST3" value="5"/>
      <Metric name="STSUB" value="5"/>
      <Metric name="STUNV" value="0"/>
      <Metric name="STXLN" value="5"/>
    </Entity>
    <Entity name="Cdd_Pmc_PmicDisable" type="function">
      <Metric name="NPATH" value="1"/>
      <Metric name="STAKI" value="5"/>
      <Metric name="STAV1" value="9.000"/>
      <Metric name="STAV2" value="9.000"/>
      <Metric name="STAV3" value="9.000"/>
      <Metric name="STBAK" value="0"/>
      <Metric name="STCAL" value="4"/>
      <Metric name="STCYC" value="1"/>
      <Metric name="STELF" value="0"/>
      <Metric name="STFDN" value="5"/>
      <Metric name="STFDT" value="7"/>
      <Metric name="STFN1" value="30"/>
      <Metric name="STFN2" value="8"/>
      <Metric name="STGTO" value="0"/>
      <Metric name="STKDN" value="0.000"/>
      <Metric name="STKNT" value="0"/>
      <Metric name="STLCT" value="0"/>
      <Metric name="STLIN" value="8"/>
      <Metric name="STLOP" value="0"/>
      <Metric name="STM07" value="1"/>
      <Metric name="STM19" value="0"/>
      <Metric name="STMCC" value="0 (1:1)"/>
      <Metric name="STMIF" value="0"/>
      <Metric name="STPAR" value="0"/>
      <Metric name="STPBG" value="0"/>
      <Metric name="STPDN" value="0"/>
      <Metric name="STPTH" value="1"/>
      <Metric name="STST1" value="4"/>
      <Metric name="STST2" value="4"/>
      <Metric name="STST3" value="4"/>
      <Metric name="STSUB" value="4"/>
      <Metric name="STUNV" value="0"/>
      <Metric name="STXLN" value="4"/>
    </Entity>
    <Entity name="Cdd_Pmc_ReadSocShutDownState" type="function">
      <Metric name="NPATH" value="1"/>
      <Metric name="STAKI" value="2"/>
      <Metric name="STAV1" value="5.000"/>
      <Metric name="STAV2" value="5.000"/>
      <Metric name="STAV3" value="7.000"/>
      <Metric name="STBAK" value="0"/>
      <Metric name="STCAL" value="1"/>
      <Metric name="STCYC" value="1"/>
      <Metric name="STELF" value="0"/>
      <Metric name="STFDN" value="4"/>
      <Metric name="STFDT" value="7"/>
      <Metric name="STFN1" value="9"/>
      <Metric name="STFN2" value="6"/>
      <Metric name="STGTO" value="0"/>
      <Metric name="STKDN" value="0.000"/>
      <Metric name="STKNT" value="0"/>
      <Metric name="STLCT" value="1"/>
      <Metric name="STLIN" value="5"/>
      <Metric name="STLOP" value="0"/>
      <Metric name="STM07" value="1"/>
      <Metric name="STM19" value="1"/>
      <Metric name="STMCC" value="0 (1:1)"/>
      <Metric name="STMIF" value="0"/>
      <Metric name="STPAR" value="0"/>
      <Metric name="STPBG" value="0"/>
      <Metric name="STPDN" value="0"/>
      <Metric name="STPTH" value="1"/>
      <Metric name="STST1" value="3"/>
      <Metric name="STST2" value="3"/>
      <Metric name="STST3" value="2"/>
      <Metric name="STSUB" value="1"/>
      <Metric name="STUNV" value="0"/>
      <Metric name="STXLN" value="2"/>
    </Entity>
    <Entity name="Cdd_Pmc_ReadSocState" type="function">
      <Metric name="NPATH" value="3"/>
      <Metric name="STAKI" value="4"/>
      <Metric name="STAV1" value="4.000"/>
      <Metric name="STAV2" value="5.000"/>
      <Metric name="STAV3" value="8.000"/>
      <Metric name="STBAK" value="0"/>
      <Metric name="STCAL" value="1"/>
      <Metric name="STCYC" value="2"/>
      <Metric name="STELF" value="0"/>
      <Metric name="STFDN" value="7"/>
      <Metric name="STFDT" value="12"/>
      <Metric name="STFN1" value="35"/>
      <Metric name="STFN2" value="16"/>
      <Metric name="STGTO" value="0"/>
      <Metric name="STKDN" value="0.000"/>
      <Metric name="STKNT" value="0"/>
      <Metric name="STLCT" value="3"/>
      <Metric name="STLIN" value="16"/>
      <Metric name="STLOP" value="1"/>
      <Metric name="STM07" value="1"/>
      <Metric name="STM19" value="1"/>
      <Metric name="STMCC" value="1 (2:3)"/>
      <Metric name="STMIF" value="1"/>
      <Metric name="STPAR" value="0"/>
      <Metric name="STPBG" value="0"/>
      <Metric name="STPDN" value="0"/>
      <Metric name="STPTH" value="2"/>
      <Metric name="STST1" value="11"/>
      <Metric name="STST2" value="9"/>
      <Metric name="STST3" value="6"/>
      <Metric name="STSUB" value="2"/>
      <Metric name="STUNV" value="0"/>
      <Metric name="STXLN" value="8"/>
    </Entity>
    <Entity name="Cdd_Pmc_SetDieTempLmit" type="function">
      <Metric name="NPATH" value="3"/>
      <Metric name="STAKI" value="2"/>
      <Metric name="STAV1" value="7.000"/>
      <Metric name="STAV2" value="8.000"/>
      <Metric name="STAV3" value="13.000"/>
      <Metric name="STBAK" value="0"/>
      <Metric name="STCAL" value="0"/>
      <Metric name="STCYC" value="2"/>
      <Metric name="STELF" value="0"/>
      <Metric name="STFDN" value="13"/>
      <Metric name="STFDT" value="14"/>
      <Metric name="STFN1" value="53"/>
      <Metric name="STFN2" value="25"/>
      <Metric name="STGTO" value="0"/>
      <Metric name="STKDN" value="0.000"/>
      <Metric name="STKNT" value="0"/>
      <Metric name="STLCT" value="3"/>
      <Metric name="STLIN" value="19"/>
      <Metric name="STLOP" value="1"/>
      <Metric name="STM07" value="1"/>
      <Metric name="STM19" value="1"/>
      <Metric name="STMCC" value="1 (2:3)"/>
      <Metric name="STMIF" value="1"/>
      <Metric name="STPAR" value="2"/>
      <Metric name="STPBG" value="0"/>
      <Metric name="STPDN" value="0"/>
      <Metric name="STPTH" value="2"/>
      <Metric name="STST1" value="11"/>
      <Metric name="STST2" value="9"/>
      <Metric name="STST3" value="6"/>
      <Metric name="STSUB" value="0"/>
      <Metric name="STUNV" value="0"/>
      <Metric name="STXLN" value="10"/>
    </Entity>
    <Entity name="Cdd_Pmc_SocHardReset" type="function">
      <Metric name="NPATH" value="9"/>
      <Metric name="STAKI" value="11"/>
      <Metric name="STAV1" value="6.000"/>
      <Metric name="STAV2" value="8.000"/>
      <Metric name="STAV3" value="10.000"/>
      <Metric name="STBAK" value="0"/>
      <Metric name="STCAL" value="3"/>
      <Metric name="STCYC" value="4"/>
      <Metric name="STELF" value="0"/>
      <Metric name="STFDN" value="11"/>
      <Metric name="STFDT" value="16"/>
      <Metric name="STFN1" value="75"/>
      <Metric name="STFN2" value="31"/>
      <Metric name="STGTO" value="0"/>
      <Metric name="STKDN" value="0.000"/>
      <Metric name="STKNT" value="0"/>
      <Metric name="STLCT" value="3"/>
      <Metric name="STLIN" value="30"/>
      <Metric name="STLOP" value="1"/>
      <Metric name="STM07" value="1"/>
      <Metric name="STM19" value="0"/>
      <Metric name="STMCC" value="1 (4:5)"/>
      <Metric name="STMIF" value="2"/>
      <Metric name="STPAR" value="0"/>
      <Metric name="STPBG" value="1"/>
      <Metric name="STPDN" value="0"/>
      <Metric name="STPTH" value="6"/>
      <Metric name="STST1" value="17"/>
      <Metric name="STST2" value="13"/>
      <Metric name="STST3" value="10"/>
      <Metric name="STSUB" value="7"/>
      <Metric name="STUNV" value="0"/>
      <Metric name="STXLN" value="13"/>
    </Entity>
    <Entity name="Cdd_Pmc_SocPowerOff" type="function">
      <Metric name="NPATH" value="1"/>
      <Metric name="STAKI" value="3"/>
      <Metric name="STAV1" value="7.000"/>
      <Metric name="STAV2" value="7.000"/>
      <Metric name="STAV3" value="7.000"/>
      <Metric name="STBAK" value="0"/>
      <Metric name="STCAL" value="1"/>
      <Metric name="STCYC" value="1"/>
      <Metric name="STELF" value="0"/>
      <Metric name="STFDN" value="2"/>
      <Metric name="STFDT" value="6"/>
      <Metric name="STFN1" value="10"/>
      <Metric name="STFN2" value="4"/>
      <Metric name="STGTO" value="0"/>
      <Metric name="STKDN" value="0.000"/>
      <Metric name="STKNT" value="0"/>
      <Metric name="STLCT" value="0"/>
      <Metric name="STLIN" value="2"/>
      <Metric name="STLOP" value="0"/>
      <Metric name="STM07" value="1"/>
      <Metric name="STM19" value="0"/>
      <Metric name="STMCC" value="0 (1:1)"/>
      <Metric name="STMIF" value="0"/>
      <Metric name="STPAR" value="0"/>
      <Metric name="STPBG" value="0"/>
      <Metric name="STPDN" value="0"/>
      <Metric name="STPTH" value="1"/>
      <Metric name="STST1" value="2"/>
      <Metric name="STST2" value="2"/>
      <Metric name="STST3" value="2"/>
      <Metric name="STSUB" value="2"/>
      <Metric name="STUNV" value="0"/>
      <Metric name="STXLN" value="2"/>
    </Entity>
    <Entity name="Cdd_Pmc_SocPowerOn" type="function">
      <Metric name="NPATH" value="1"/>
      <Metric name="STAKI" value="4"/>
      <Metric name="STAV1" value="8.000"/>
      <Metric name="STAV2" value="8.000"/>
      <Metric name="STAV3" value="8.000"/>
      <Metric name="STBAK" value="0"/>
      <Metric name="STCAL" value="2"/>
      <Metric name="STCYC" value="1"/>
      <Metric name="STELF" value="0"/>
      <Metric name="STFDN" value="4"/>
      <Metric name="STFDT" value="8"/>
      <Metric name="STFN1" value="19"/>
      <Metric name="STFN2" value="6"/>
      <Metric name="STGTO" value="0"/>
      <Metric name="STKDN" value="0.000"/>
      <Metric name="STKNT" value="0"/>
      <Metric name="STLCT" value="0"/>
      <Metric name="STLIN" value="4"/>
      <Metric name="STLOP" value="0"/>
      <Metric name="STM07" value="1"/>
      <Metric name="STM19" value="0"/>
      <Metric name="STMCC" value="0 (1:1)"/>
      <Metric name="STMIF" value="0"/>
      <Metric name="STPAR" value="0"/>
      <Metric name="STPBG" value="0"/>
      <Metric name="STPDN" value="0"/>
      <Metric name="STPTH" value="1"/>
      <Metric name="STST1" value="3"/>
      <Metric name="STST2" value="3"/>
      <Metric name="STST3" value="3"/>
      <Metric name="STSUB" value="3"/>
      <Metric name="STUNV" value="0"/>
      <Metric name="STXLN" value="3"/>
    </Entity>
    <Entity name="Get_Counter_Value" type="function">
      <Metric name="NPATH" value="3"/>
      <Metric name="STAKI" value="4"/>
      <Metric name="STAV1" value="10.000"/>
      <Metric name="STAV2" value="16.000"/>
      <Metric name="STAV3" value="19.000"/>
      <Metric name="STBAK" value="0"/>
      <Metric name="STCAL" value="1"/>
      <Metric name="STCYC" value="3"/>
      <Metric name="STELF" value="0"/>
      <Metric name="STFDN" value="10"/>
      <Metric name="STFDT" value="14"/>
      <Metric name="STFN1" value="79"/>
      <Metric name="STFN2" value="18"/>
      <Metric name="STGTO" value="0"/>
      <Metric name="STKDN" value="0.429"/>
      <Metric name="STKNT" value="3"/>
      <Metric name="STLCT" value="1"/>
      <Metric name="STLIN" value="13"/>
      <Metric name="STLOP" value="0"/>
      <Metric name="STM07" value="1"/>
      <Metric name="STM19" value="3"/>
      <Metric name="STMCC" value="0 (3:3)"/>
      <Metric name="STMIF" value="2"/>
      <Metric name="STPAR" value="2"/>
      <Metric name="STPBG" value="0"/>
      <Metric name="STPDN" value="0"/>
      <Metric name="STPTH" value="3"/>
      <Metric name="STST1" value="9"/>
      <Metric name="STST2" value="6"/>
      <Metric name="STST3" value="5"/>
      <Metric name="STSUB" value="1"/>
      <Metric name="STUNV" value="0"/>
      <Metric name="STXLN" value="7"/>
    </Entity>
    <Entity name="Get_Fstm" type="function">
      <Metric name="NPATH" value="2"/>
      <Metric name="STAKI" value="2"/>
      <Metric name="STAV1" value="9.000"/>
      <Metric name="STAV2" value="12.000"/>
      <Metric name="STAV3" value="19.000"/>
      <Metric name="STBAK" value="0"/>
      <Metric name="STCAL" value="0"/>
      <Metric name="STCYC" value="2"/>
      <Metric name="STELF" value="0"/>
      <Metric name="STFDN" value="21"/>
      <Metric name="STFDT" value="14"/>
      <Metric name="STFN1" value="62"/>
      <Metric name="STFN2" value="36"/>
      <Metric name="STGTO" value="0"/>
      <Metric name="STKDN" value="0.000"/>
      <Metric name="STKNT" value="0"/>
      <Metric name="STLCT" value="3"/>
      <Metric name="STLIN" value="17"/>
      <Metric name="STLOP" value="0"/>
      <Metric name="STM07" value="1"/>
      <Metric name="STM19" value="1"/>
      <Metric name="STMCC" value="0 (2:2)"/>
      <Metric name="STMIF" value="1"/>
      <Metric name="STPAR" value="0"/>
      <Metric name="STPBG" value="0"/>
      <Metric name="STPDN" value="0"/>
      <Metric name="STPTH" value="2"/>
      <Metric name="STST1" value="10"/>
      <Metric name="STST2" value="8"/>
      <Metric name="STST3" value="5"/>
      <Metric name="STSUB" value="0"/>
      <Metric name="STUNV" value="0"/>
      <Metric name="STXLN" value="9"/>
    </Entity>
    <Entity name="Timer_DelayMs" type="function">
      <Metric name="NPATH" value="6"/>
      <Metric name="STAKI" value="5"/>
      <Metric name="STAV1" value="5.000"/>
      <Metric name="STAV2" value="7.000"/>
      <Metric name="STAV3" value="9.000"/>
      <Metric name="STBAK" value="0"/>
      <Metric name="STCAL" value="1"/>
      <Metric name="STCYC" value="4"/>
      <Metric name="STELF" value="0"/>
      <Metric name="STFDN" value="10"/>
      <Metric name="STFDT" value="17"/>
      <Metric name="STFN1" value="54"/>
      <Metric name="STFN2" value="33"/>
      <Metric name="STGTO" value="0"/>
      <Metric name="STKDN" value="0.000"/>
      <Metric name="STKNT" value="0"/>
      <Metric name="STLCT" value="3"/>
      <Metric name="STLIN" value="25"/>
      <Metric name="STLOP" value="0"/>
      <Metric name="STM07" value="1"/>
      <Metric name="STM19" value="0"/>
      <Metric name="STMCC" value="0 (4:4)"/>
      <Metric name="STMIF" value="2"/>
      <Metric name="STPAR" value="1"/>
      <Metric name="STPBG" value="1"/>
      <Metric name="STPDN" value="1"/>
      <Metric name="STPTH" value="6"/>
      <Metric name="STST1" value="16"/>
      <Metric name="STST2" value="12"/>
      <Metric name="STST3" value="9"/>
      <Metric name="STSUB" value="1"/>
      <Metric name="STUNV" value="0"/>
      <Metric name="STXLN" value="10"/>
    </Entity>
  </File>
  <File name="D:/Material/3_Project/C673/MFC5J3_C673_Mcu_App/02_SrcAppl/SysM/Gp_PowerCtrl/Cdd_Pmc.h"/>
</Metrics>
