<?xml version='1.0' encoding='UTF-8'?>
<Metrics>
  <!--This report was generated using Helix QAC and is the Intellectual Property of Programming Research Limited.-->
  <File name="D:/Material/3_Project/C673/MFC5J3_C673_Mcu_App/00_AsrStack/plugins/Atomics_TS_TxDxM1I0R0/include/Atomics_TSPlatforms.h"/>
  <File name="D:/Material/3_Project/C673/MFC5J3_C673_Mcu_App/00_AsrStack/plugins/Atomics_TS_TxDxM1I0R0/include/Atomics_platform_types.h"/>
  <File name="D:/Material/3_Project/C673/MFC5J3_C673_Mcu_App/00_AsrStack/plugins/Base_TS_TxDxM5I1R0/include/Can_GeneralTypes.h"/>
  <File name="D:/Material/3_Project/C673/MFC5J3_C673_Mcu_App/00_AsrStack/plugins/Base_TS_TxDxM5I1R0/include/ComStack_Types.h"/>
  <File name="D:/Material/3_Project/C673/MFC5J3_C673_Mcu_App/00_AsrStack/plugins/Base_TS_TxDxM5I1R0/include/Compiler_Common.h"/>
  <File name="D:/Material/3_Project/C673/MFC5J3_C673_Mcu_App/00_AsrStack/plugins/Base_TS_TxDxM5I1R0/include/Std_Types.h"/>
  <File name="D:/Material/3_Project/C673/MFC5J3_C673_Mcu_App/00_AsrStack/plugins/Base_TS_TxDxM5I1R0/include/TSAutosar.h"/>
  <File name="D:/Material/3_Project/C673/MFC5J3_C673_Mcu_App/00_AsrStack/plugins/Base_TS_TxDxM5I1R0/include/TSCompiler_Default.h"/>
  <File name="D:/Material/3_Project/C673/MFC5J3_C673_Mcu_App/00_AsrStack/plugins/Base_TS_TxDxM5I1R0/include/TSMem.h"/>
  <File name="D:/Material/3_Project/C673/MFC5J3_C673_Mcu_App/00_AsrStack/plugins/Base_TS_TxDxM5I1R0/include/TSPBConfig_BasicTypes.h"/>
  <File name="D:/Material/3_Project/C673/MFC5J3_C673_Mcu_App/00_AsrStack/plugins/Base_TS_TxDxM5I1R0/include/TSPBConfig_Types.h"/>
  <File name="D:/Material/3_Project/C673/MFC5J3_C673_Mcu_App/00_AsrStack/plugins/BswM_TS_TxDxM1I15R0/include/BswM.h"/>
  <File name="D:/Material/3_Project/C673/MFC5J3_C673_Mcu_App/00_AsrStack/plugins/BswM_TS_TxDxM1I15R0/include/BswM_Types.h"/>
  <File name="D:/Material/3_Project/C673/MFC5J3_C673_Mcu_App/00_AsrStack/plugins/BswM_TS_TxDxM1I15R0/include/BswM_Version.h"/>
  <File name="D:/Material/3_Project/C673/MFC5J3_C673_Mcu_App/00_AsrStack/plugins/Compiler_TS_TxDxM1I0R0/include/Compiler.h"/>
  <File name="D:/Material/3_Project/C673/MFC5J3_C673_Mcu_App/00_AsrStack/plugins/Compiler_TS_TxDxM1I0R0/include/TRICORE/tasking/Compiler_Specific.h"/>
  <File name="D:/Material/3_Project/C673/MFC5J3_C673_Mcu_App/00_AsrStack/plugins/Compiler_TS_TxDxM1I0R0/include/TSCompiler.h"/>
  <File name="D:/Material/3_Project/C673/MFC5J3_C673_Mcu_App/00_AsrStack/plugins/Dcm_TS_TxDxM5I0R0/include/Dcm_Types.h"/>
  <File name="D:/Material/3_Project/C673/MFC5J3_C673_Mcu_App/00_AsrStack/plugins/Dem_TS_TxDxM6I4R0/include/Dem.h"/>
  <File name="D:/Material/3_Project/C673/MFC5J3_C673_Mcu_App/00_AsrStack/plugins/Dem_TS_TxDxM6I4R0/include/Dem_BSW_Types.h"/>
  <File name="D:/Material/3_Project/C673/MFC5J3_C673_Mcu_App/00_AsrStack/plugins/Dem_TS_TxDxM6I4R0/include/Dem_NvMCbk.h"/>
  <File name="D:/Material/3_Project/C673/MFC5J3_C673_Mcu_App/00_AsrStack/plugins/Dem_TS_TxDxM6I4R0/include/Dem_Stc.h"/>
  <File name="D:/Material/3_Project/C673/MFC5J3_C673_Mcu_App/00_AsrStack/plugins/Dem_TS_TxDxM6I4R0/include/Dem_Types.h"/>
  <File name="D:/Material/3_Project/C673/MFC5J3_C673_Mcu_App/00_AsrStack/plugins/Dem_TS_TxDxM6I4R0/include/Dem_Version.h"/>
  <File name="D:/Material/3_Project/C673/MFC5J3_C673_Mcu_App/00_AsrStack/plugins/NvM_TS_TxDxM6I17R0/include/NvM.h"/>
  <File name="D:/Material/3_Project/C673/MFC5J3_C673_Mcu_App/00_AsrStack/plugins/NvM_TS_TxDxM6I17R0/include/NvM_Api_Stc.h"/>
  <File name="D:/Material/3_Project/C673/MFC5J3_C673_Mcu_App/00_AsrStack/plugins/NvM_TS_TxDxM6I17R0/include/NvM_BSW.h"/>
  <File name="D:/Material/3_Project/C673/MFC5J3_C673_Mcu_App/00_AsrStack/plugins/NvM_TS_TxDxM6I17R0/include/NvM_BSW_Types.h"/>
  <File name="D:/Material/3_Project/C673/MFC5J3_C673_Mcu_App/00_AsrStack/plugins/NvM_TS_TxDxM6I17R0/include/NvM_Int_Types.h"/>
  <File name="D:/Material/3_Project/C673/MFC5J3_C673_Mcu_App/00_AsrStack/plugins/NvM_TS_TxDxM6I17R0/include/NvM_Version.h"/>
  <File name="D:/Material/3_Project/C673/MFC5J3_C673_Mcu_App/00_AsrStack/plugins/NvM_TS_TxDxM6I17R0/include/NvM_Wrapper.h"/>
  <File name="D:/Material/3_Project/C673/MFC5J3_C673_Mcu_App/00_AsrStack/plugins/Os_TS_T16D27M6I1R0/include/Os.h"/>
  <File name="D:/Material/3_Project/C673/MFC5J3_C673_Mcu_App/00_AsrStack/plugins/Os_TS_T16D27M6I1R0/include/Os_Version.h"/>
  <File name="D:/Material/3_Project/C673/MFC5J3_C673_Mcu_App/00_AsrStack/plugins/Os_TS_T16D27M6I1R0/include/Os_acct_api.h"/>
  <File name="D:/Material/3_Project/C673/MFC5J3_C673_Mcu_App/00_AsrStack/plugins/Os_TS_T16D27M6I1R0/include/Os_alci.h"/>
  <File name="D:/Material/3_Project/C673/MFC5J3_C673_Mcu_App/00_AsrStack/plugins/Os_TS_T16D27M6I1R0/include/Os_api.h"/>
  <File name="D:/Material/3_Project/C673/MFC5J3_C673_Mcu_App/00_AsrStack/plugins/Os_TS_T16D27M6I1R0/include/Os_api_arch.h"/>
  <File name="D:/Material/3_Project/C673/MFC5J3_C673_Mcu_App/00_AsrStack/plugins/Os_TS_T16D27M6I1R0/include/Os_api_cfg.h"/>
  <File name="D:/Material/3_Project/C673/MFC5J3_C673_Mcu_App/00_AsrStack/plugins/Os_TS_T16D27M6I1R0/include/Os_api_simtimer.h"/>
  <File name="D:/Material/3_Project/C673/MFC5J3_C673_Mcu_App/00_AsrStack/plugins/Os_TS_T16D27M6I1R0/include/Os_api_timestamp.h"/>
  <File name="D:/Material/3_Project/C673/MFC5J3_C673_Mcu_App/00_AsrStack/plugins/Os_TS_T16D27M6I1R0/include/Os_arch.h"/>
  <File name="D:/Material/3_Project/C673/MFC5J3_C673_Mcu_App/00_AsrStack/plugins/Os_TS_T16D27M6I1R0/include/Os_callouts.h"/>
  <File name="D:/Material/3_Project/C673/MFC5J3_C673_Mcu_App/00_AsrStack/plugins/Os_TS_T16D27M6I1R0/include/Os_cpu.h"/>
  <File name="D:/Material/3_Project/C673/MFC5J3_C673_Mcu_App/00_AsrStack/plugins/Os_TS_T16D27M6I1R0/include/Os_defs.h"/>
  <File name="D:/Material/3_Project/C673/MFC5J3_C673_Mcu_App/00_AsrStack/plugins/Os_TS_T16D27M6I1R0/include/Os_error.h"/>
  <File name="D:/Material/3_Project/C673/MFC5J3_C673_Mcu_App/00_AsrStack/plugins/Os_TS_T16D27M6I1R0/include/Os_hw.h"/>
  <File name="D:/Material/3_Project/C673/MFC5J3_C673_Mcu_App/00_AsrStack/plugins/Os_TS_T16D27M6I1R0/include/Os_kernel.h"/>
  <File name="D:/Material/3_Project/C673/MFC5J3_C673_Mcu_App/00_AsrStack/plugins/Os_TS_T16D27M6I1R0/include/Os_kernel_alarm.h"/>
  <File name="D:/Material/3_Project/C673/MFC5J3_C673_Mcu_App/00_AsrStack/plugins/Os_TS_T16D27M6I1R0/include/Os_kernel_app.h"/>
  <File name="D:/Material/3_Project/C673/MFC5J3_C673_Mcu_App/00_AsrStack/plugins/Os_TS_T16D27M6I1R0/include/Os_kernel_multicore.h"/>
  <File name="D:/Material/3_Project/C673/MFC5J3_C673_Mcu_App/00_AsrStack/plugins/Os_TS_T16D27M6I1R0/include/Os_kernel_task.h"/>
  <File name="D:/Material/3_Project/C673/MFC5J3_C673_Mcu_App/00_AsrStack/plugins/Os_TS_T16D27M6I1R0/include/Os_libconfig.h"/>
  <File name="D:/Material/3_Project/C673/MFC5J3_C673_Mcu_App/00_AsrStack/plugins/Os_TS_T16D27M6I1R0/include/Os_messagequeue.h"/>
  <File name="D:/Material/3_Project/C673/MFC5J3_C673_Mcu_App/00_AsrStack/plugins/Os_TS_T16D27M6I1R0/include/Os_optimize.h"/>
  <File name="D:/Material/3_Project/C673/MFC5J3_C673_Mcu_App/00_AsrStack/plugins/Os_TS_T16D27M6I1R0/include/Os_panic.h"/>
  <File name="D:/Material/3_Project/C673/MFC5J3_C673_Mcu_App/00_AsrStack/plugins/Os_TS_T16D27M6I1R0/include/Os_proto_arch.h"/>
  <File name="D:/Material/3_Project/C673/MFC5J3_C673_Mcu_App/00_AsrStack/plugins/Os_TS_T16D27M6I1R0/include/Os_timeconversion.h"/>
  <File name="D:/Material/3_Project/C673/MFC5J3_C673_Mcu_App/00_AsrStack/plugins/Os_TS_T16D27M6I1R0/include/Os_timestamp.h"/>
  <File name="D:/Material/3_Project/C673/MFC5J3_C673_Mcu_App/00_AsrStack/plugins/Os_TS_T16D27M6I1R0/include/Os_tool.h"/>
  <File name="D:/Material/3_Project/C673/MFC5J3_C673_Mcu_App/00_AsrStack/plugins/Os_TS_T16D27M6I1R0/include/Os_types.h"/>
  <File name="D:/Material/3_Project/C673/MFC5J3_C673_Mcu_App/00_AsrStack/plugins/Os_TS_T16D27M6I1R0/include/Os_types_arch.h"/>
  <File name="D:/Material/3_Project/C673/MFC5J3_C673_Mcu_App/00_AsrStack/plugins/Os_TS_T16D27M6I1R0/include/Os_userkernel.h"/>
  <File name="D:/Material/3_Project/C673/MFC5J3_C673_Mcu_App/00_AsrStack/plugins/Os_TS_T16D27M6I1R0/include/Os_usuffix.h"/>
  <File name="D:/Material/3_Project/C673/MFC5J3_C673_Mcu_App/00_AsrStack/plugins/Os_TS_T16D27M6I1R0/include/TRICORE/Os_TRICORE_aurix_wdt.h"/>
  <File name="D:/Material/3_Project/C673/MFC5J3_C673_Mcu_App/00_AsrStack/plugins/Os_TS_T16D27M6I1R0/include/TRICORE/Os_TRICORE_core.h"/>
  <File name="D:/Material/3_Project/C673/MFC5J3_C673_Mcu_App/00_AsrStack/plugins/Os_TS_T16D27M6I1R0/include/TRICORE/Os_TRICORE_cpu.h"/>
  <File name="D:/Material/3_Project/C673/MFC5J3_C673_Mcu_App/00_AsrStack/plugins/Os_TS_T16D27M6I1R0/include/TRICORE/Os_TRICORE_pwr.h"/>
  <File name="D:/Material/3_Project/C673/MFC5J3_C673_Mcu_App/00_AsrStack/plugins/Os_TS_T16D27M6I1R0/include/TRICORE/Os_TRICORE_stmconfig.h"/>
  <File name="D:/Material/3_Project/C673/MFC5J3_C673_Mcu_App/00_AsrStack/plugins/Os_TS_T16D27M6I1R0/include/TRICORE/Os_api_TRICORE.h"/>
  <File name="D:/Material/3_Project/C673/MFC5J3_C673_Mcu_App/00_AsrStack/plugins/Os_TS_T16D27M6I1R0/include/TRICORE/Os_defs_TRICORE.h"/>
  <File name="D:/Material/3_Project/C673/MFC5J3_C673_Mcu_App/00_AsrStack/plugins/Os_TS_T16D27M6I1R0/include/TRICORE/Os_hw_TRICORE.h"/>
  <File name="D:/Material/3_Project/C673/MFC5J3_C673_Mcu_App/00_AsrStack/plugins/Os_TS_T16D27M6I1R0/include/TRICORE/Os_kernel_TRICORE.h"/>
  <File name="D:/Material/3_Project/C673/MFC5J3_C673_Mcu_App/00_AsrStack/plugins/Os_TS_T16D27M6I1R0/include/TRICORE/Os_proto_TRICORE.h">
    <Entity name="OS_ClearIsrFn" type="function">
      <Metric name="NPATH" value="1"/>
      <Metric name="STAKI" value="1"/>
      <Metric name="STAV1" value="3.000"/>
      <Metric name="STAV2" value="3.000"/>
      <Metric name="STAV3" value="3.000"/>
      <Metric name="STBAK" value="0"/>
      <Metric name="STCAL" value="0"/>
      <Metric name="STCYC" value="1"/>
      <Metric name="STELF" value="0"/>
      <Metric name="STFDN" value="3"/>
      <Metric name="STFDT" value="1"/>
      <Metric name="STFN1" value="1"/>
      <Metric name="STFN2" value="6"/>
      <Metric name="STGTO" value="0"/>
      <Metric name="STKDN" value="0.000"/>
      <Metric name="STKNT" value="0"/>
      <Metric name="STLCT" value="0"/>
      <Metric name="STLIN" value="0"/>
      <Metric name="STLOP" value="0"/>
      <Metric name="STM07" value="1"/>
      <Metric name="STM19" value="0"/>
      <Metric name="STMCC" value="0 (1:1)"/>
      <Metric name="STMIF" value="0"/>
      <Metric name="STPAR" value="1"/>
      <Metric name="STPBG" value="0"/>
      <Metric name="STPDN" value="0"/>
      <Metric name="STPTH" value="1"/>
      <Metric name="STST1" value="2"/>
      <Metric name="STST2" value="2"/>
      <Metric name="STST3" value="2"/>
      <Metric name="STSUB" value="0"/>
      <Metric name="STUNV" value="0"/>
      <Metric name="STXLN" value="2"/>
    </Entity>
    <Entity name="OS_DisableIsrFn" type="function">
      <Metric name="NPATH" value="1"/>
      <Metric name="STAKI" value="2"/>
      <Metric name="STAV1" value="6.000"/>
      <Metric name="STAV2" value="6.000"/>
      <Metric name="STAV3" value="6.000"/>
      <Metric name="STBAK" value="0"/>
      <Metric name="STCAL" value="0"/>
      <Metric name="STCYC" value="1"/>
      <Metric name="STELF" value="0"/>
      <Metric name="STFDN" value="5"/>
      <Metric name="STFDT" value="1"/>
      <Metric name="STFN1" value="1"/>
      <Metric name="STFN2" value="5"/>
      <Metric name="STGTO" value="0"/>
      <Metric name="STKDN" value="0.000"/>
      <Metric name="STKNT" value="0"/>
      <Metric name="STLCT" value="0"/>
      <Metric name="STLIN" value="0"/>
      <Metric name="STLOP" value="0"/>
      <Metric name="STM07" value="1"/>
      <Metric name="STM19" value="0"/>
      <Metric name="STMCC" value="0 (1:1)"/>
      <Metric name="STMIF" value="0"/>
      <Metric name="STPAR" value="1"/>
      <Metric name="STPBG" value="0"/>
      <Metric name="STPDN" value="1"/>
      <Metric name="STPTH" value="1"/>
      <Metric name="STST1" value="1"/>
      <Metric name="STST2" value="1"/>
      <Metric name="STST3" value="1"/>
      <Metric name="STSUB" value="1"/>
      <Metric name="STUNV" value="0"/>
      <Metric name="STXLN" value="1"/>
    </Entity>
    <Entity name="OS_EnableIsrFn" type="function">
      <Metric name="NPATH" value="1"/>
      <Metric name="STAKI" value="2"/>
      <Metric name="STAV1" value="6.000"/>
      <Metric name="STAV2" value="6.000"/>
      <Metric name="STAV3" value="6.000"/>
      <Metric name="STBAK" value="0"/>
      <Metric name="STCAL" value="0"/>
      <Metric name="STCYC" value="1"/>
      <Metric name="STELF" value="0"/>
      <Metric name="STFDN" value="5"/>
      <Metric name="STFDT" value="1"/>
      <Metric name="STFN1" value="1"/>
      <Metric name="STFN2" value="5"/>
      <Metric name="STGTO" value="0"/>
      <Metric name="STKDN" value="0.000"/>
      <Metric name="STKNT" value="0"/>
      <Metric name="STLCT" value="0"/>
      <Metric name="STLIN" value="0"/>
      <Metric name="STLOP" value="0"/>
      <Metric name="STM07" value="1"/>
      <Metric name="STM19" value="0"/>
      <Metric name="STMCC" value="0 (1:1)"/>
      <Metric name="STMIF" value="0"/>
      <Metric name="STPAR" value="1"/>
      <Metric name="STPBG" value="0"/>
      <Metric name="STPDN" value="1"/>
      <Metric name="STPTH" value="1"/>
      <Metric name="STST1" value="1"/>
      <Metric name="STST2" value="1"/>
      <Metric name="STST3" value="1"/>
      <Metric name="STSUB" value="1"/>
      <Metric name="STUNV" value="0"/>
      <Metric name="STXLN" value="1"/>
    </Entity>
    <Entity name="OS_IntDisableConditional" type="function">
      <Metric name="NPATH" value="3"/>
      <Metric name="STAKI" value="4"/>
      <Metric name="STAV1" value="1.000"/>
      <Metric name="STAV2" value="3.000"/>
      <Metric name="STAV3" value="5.000"/>
      <Metric name="STBAK" value="0"/>
      <Metric name="STCAL" value="1"/>
      <Metric name="STCYC" value="3"/>
      <Metric name="STELF" value="0"/>
      <Metric name="STFDN" value="6"/>
      <Metric name="STFDT" value="1"/>
      <Metric name="STFN1" value="1"/>
      <Metric name="STFN2" value="14"/>
      <Metric name="STGTO" value="0"/>
      <Metric name="STKDN" value="0.000"/>
      <Metric name="STKNT" value="0"/>
      <Metric name="STLCT" value="2"/>
      <Metric name="STLIN" value="0"/>
      <Metric name="STLOP" value="0"/>
      <Metric name="STM07" value="1"/>
      <Metric name="STM19" value="1"/>
      <Metric name="STMCC" value="0 (3:3)"/>
      <Metric name="STMIF" value="2"/>
      <Metric name="STPAR" value="0"/>
      <Metric name="STPBG" value="0"/>
      <Metric name="STPDN" value="1"/>
      <Metric name="STPTH" value="3"/>
      <Metric name="STST1" value="9"/>
      <Metric name="STST2" value="5"/>
      <Metric name="STST3" value="3"/>
      <Metric name="STSUB" value="1"/>
      <Metric name="STUNV" value="1"/>
      <Metric name="STXLN" value="4"/>
    </Entity>
    <Entity name="OS_IntDisableLevel" type="function">
      <Metric name="NPATH" value="2"/>
      <Metric name="STAKI" value="3"/>
      <Metric name="STAV1" value="1.000"/>
      <Metric name="STAV2" value="3.000"/>
      <Metric name="STAV3" value="6.000"/>
      <Metric name="STBAK" value="0"/>
      <Metric name="STCAL" value="1"/>
      <Metric name="STCYC" value="2"/>
      <Metric name="STELF" value="0"/>
      <Metric name="STFDN" value="6"/>
      <Metric name="STFDT" value="1"/>
      <Metric name="STFN1" value="1"/>
      <Metric name="STFN2" value="11"/>
      <Metric name="STGTO" value="0"/>
      <Metric name="STKDN" value="0.000"/>
      <Metric name="STKNT" value="0"/>
      <Metric name="STLCT" value="2"/>
      <Metric name="STLIN" value="0"/>
      <Metric name="STLOP" value="0"/>
      <Metric name="STM07" value="1"/>
      <Metric name="STM19" value="1"/>
      <Metric name="STMCC" value="0 (2:2)"/>
      <Metric name="STMIF" value="1"/>
      <Metric name="STPAR" value="1"/>
      <Metric name="STPBG" value="0"/>
      <Metric name="STPDN" value="1"/>
      <Metric name="STPTH" value="2"/>
      <Metric name="STST1" value="7"/>
      <Metric name="STST2" value="4"/>
      <Metric name="STST3" value="2"/>
      <Metric name="STSUB" value="1"/>
      <Metric name="STUNV" value="1"/>
      <Metric name="STXLN" value="3"/>
    </Entity>
    <Entity name="OS_IntEnable" type="function">
      <Metric name="NPATH" value="2"/>
      <Metric name="STAKI" value="3"/>
      <Metric name="STAV1" value="1.000"/>
      <Metric name="STAV2" value="2.000"/>
      <Metric name="STAV3" value="5.000"/>
      <Metric name="STBAK" value="0"/>
      <Metric name="STCAL" value="1"/>
      <Metric name="STCYC" value="2"/>
      <Metric name="STELF" value="0"/>
      <Metric name="STFDN" value="5"/>
      <Metric name="STFDT" value="1"/>
      <Metric name="STFN1" value="1"/>
      <Metric name="STFN2" value="9"/>
      <Metric name="STGTO" value="0"/>
      <Metric name="STKDN" value="0.000"/>
      <Metric name="STKNT" value="0"/>
      <Metric name="STLCT" value="2"/>
      <Metric name="STLIN" value="0"/>
      <Metric name="STLOP" value="0"/>
      <Metric name="STM07" value="1"/>
      <Metric name="STM19" value="1"/>
      <Metric name="STMCC" value="0 (2:2)"/>
      <Metric name="STMIF" value="1"/>
      <Metric name="STPAR" value="0"/>
      <Metric name="STPBG" value="0"/>
      <Metric name="STPDN" value="1"/>
      <Metric name="STPTH" value="2"/>
      <Metric name="STST1" value="7"/>
      <Metric name="STST2" value="4"/>
      <Metric name="STST3" value="2"/>
      <Metric name="STSUB" value="1"/>
      <Metric name="STUNV" value="1"/>
      <Metric name="STXLN" value="3"/>
    </Entity>
    <Entity name="OS_IntEnableXcore" type="function">
      <Metric name="NPATH" value="3"/>
      <Metric name="STAKI" value="4"/>
      <Metric name="STAV1" value="1.000"/>
      <Metric name="STAV2" value="3.000"/>
      <Metric name="STAV3" value="5.000"/>
      <Metric name="STBAK" value="0"/>
      <Metric name="STCAL" value="1"/>
      <Metric name="STCYC" value="3"/>
      <Metric name="STELF" value="0"/>
      <Metric name="STFDN" value="6"/>
      <Metric name="STFDT" value="1"/>
      <Metric name="STFN1" value="1"/>
      <Metric name="STFN2" value="14"/>
      <Metric name="STGTO" value="0"/>
      <Metric name="STKDN" value="0.000"/>
      <Metric name="STKNT" value="0"/>
      <Metric name="STLCT" value="2"/>
      <Metric name="STLIN" value="0"/>
      <Metric name="STLOP" value="0"/>
      <Metric name="STM07" value="1"/>
      <Metric name="STM19" value="1"/>
      <Metric name="STMCC" value="0 (3:3)"/>
      <Metric name="STMIF" value="2"/>
      <Metric name="STPAR" value="0"/>
      <Metric name="STPBG" value="0"/>
      <Metric name="STPDN" value="1"/>
      <Metric name="STPTH" value="3"/>
      <Metric name="STST1" value="9"/>
      <Metric name="STST2" value="5"/>
      <Metric name="STST3" value="3"/>
      <Metric name="STSUB" value="1"/>
      <Metric name="STUNV" value="1"/>
      <Metric name="STXLN" value="4"/>
    </Entity>
    <Entity name="OS_SetupIsrFn" type="function">
      <Metric name="NPATH" value="4"/>
      <Metric name="STAKI" value="6"/>
      <Metric name="STAV1" value="16.000"/>
      <Metric name="STAV2" value="16.000"/>
      <Metric name="STAV3" value="16.000"/>
      <Metric name="STBAK" value="0"/>
      <Metric name="STCAL" value="1"/>
      <Metric name="STCYC" value="1"/>
      <Metric name="STELF" value="0"/>
      <Metric name="STFDN" value="9"/>
      <Metric name="STFDT" value="1"/>
      <Metric name="STFN1" value="1"/>
      <Metric name="STFN2" value="15"/>
      <Metric name="STGTO" value="0"/>
      <Metric name="STKDN" value="0.000"/>
      <Metric name="STKNT" value="0"/>
      <Metric name="STLCT" value="0"/>
      <Metric name="STLIN" value="0"/>
      <Metric name="STLOP" value="0"/>
      <Metric name="STM07" value="1"/>
      <Metric name="STM19" value="0"/>
      <Metric name="STMCC" value="0 (1:1)"/>
      <Metric name="STMIF" value="0"/>
      <Metric name="STPAR" value="1"/>
      <Metric name="STPBG" value="0"/>
      <Metric name="STPDN" value="1"/>
      <Metric name="STPTH" value="1"/>
      <Metric name="STST1" value="1"/>
      <Metric name="STST2" value="1"/>
      <Metric name="STST3" value="1"/>
      <Metric name="STSUB" value="5"/>
      <Metric name="STUNV" value="0"/>
      <Metric name="STXLN" value="1"/>
    </Entity>
    <Entity name="OS_TriggerIsrFn" type="function">
      <Metric name="NPATH" value="1"/>
      <Metric name="STAKI" value="1"/>
      <Metric name="STAV1" value="3.000"/>
      <Metric name="STAV2" value="3.000"/>
      <Metric name="STAV3" value="3.000"/>
      <Metric name="STBAK" value="0"/>
      <Metric name="STCAL" value="0"/>
      <Metric name="STCYC" value="1"/>
      <Metric name="STELF" value="0"/>
      <Metric name="STFDN" value="3"/>
      <Metric name="STFDT" value="1"/>
      <Metric name="STFN1" value="1"/>
      <Metric name="STFN2" value="6"/>
      <Metric name="STGTO" value="0"/>
      <Metric name="STKDN" value="0.000"/>
      <Metric name="STKNT" value="0"/>
      <Metric name="STLCT" value="0"/>
      <Metric name="STLIN" value="0"/>
      <Metric name="STLOP" value="0"/>
      <Metric name="STM07" value="1"/>
      <Metric name="STM19" value="0"/>
      <Metric name="STMCC" value="0 (1:1)"/>
      <Metric name="STMIF" value="0"/>
      <Metric name="STPAR" value="1"/>
      <Metric name="STPBG" value="0"/>
      <Metric name="STPDN" value="0"/>
      <Metric name="STPTH" value="1"/>
      <Metric name="STST1" value="2"/>
      <Metric name="STST2" value="2"/>
      <Metric name="STST3" value="2"/>
      <Metric name="STSUB" value="0"/>
      <Metric name="STUNV" value="0"/>
      <Metric name="STXLN" value="2"/>
    </Entity>
  </File>
  <File name="D:/Material/3_Project/C673/MFC5J3_C673_Mcu_App/00_AsrStack/plugins/Os_TS_T16D27M6I1R0/include/TRICORE/Os_tc38x.h"/>
  <File name="D:/Material/3_Project/C673/MFC5J3_C673_Mcu_App/00_AsrStack/plugins/Os_TS_T16D27M6I1R0/include/TRICORE/Os_tool_TRICORE.h"/>
  <File name="D:/Material/3_Project/C673/MFC5J3_C673_Mcu_App/00_AsrStack/plugins/Os_TS_T16D27M6I1R0/include/TRICORE/Os_tool_TRICORE_tasking.h">
    <Entity name="OS_AURIX_DISABLE" type="function">
      <Metric name="NPATH" value="1"/>
      <Metric name="STAKI" value="1"/>
      <Metric name="STAV1" value="2.000"/>
      <Metric name="STAV2" value="2.000"/>
      <Metric name="STAV3" value="4.000"/>
      <Metric name="STBAK" value="0"/>
      <Metric name="STCAL" value="0"/>
      <Metric name="STCYC" value="1"/>
      <Metric name="STELF" value="0"/>
      <Metric name="STFDN" value="2"/>
      <Metric name="STFDT" value="1"/>
      <Metric name="STFN1" value="1"/>
      <Metric name="STFN2" value="3"/>
      <Metric name="STGTO" value="0"/>
      <Metric name="STKDN" value="0.000"/>
      <Metric name="STKNT" value="0"/>
      <Metric name="STLCT" value="1"/>
      <Metric name="STLIN" value="0"/>
      <Metric name="STLOP" value="0"/>
      <Metric name="STM07" value="1"/>
      <Metric name="STM19" value="1"/>
      <Metric name="STMCC" value="0 (1:1)"/>
      <Metric name="STMIF" value="0"/>
      <Metric name="STPAR" value="0"/>
      <Metric name="STPBG" value="0"/>
      <Metric name="STPDN" value="0"/>
      <Metric name="STPTH" value="1"/>
      <Metric name="STST1" value="2"/>
      <Metric name="STST2" value="2"/>
      <Metric name="STST3" value="1"/>
      <Metric name="STSUB" value="0"/>
      <Metric name="STUNV" value="0"/>
      <Metric name="STXLN" value="2"/>
    </Entity>
    <Entity name="OS_AURIX_RESTORE" type="function">
      <Metric name="NPATH" value="1"/>
      <Metric name="STAKI" value="1"/>
      <Metric name="STAV1" value="0.000"/>
      <Metric name="STAV2" value="0.000"/>
      <Metric name="STAV3" value="0.000"/>
      <Metric name="STBAK" value="0"/>
      <Metric name="STCAL" value="0"/>
      <Metric name="STCYC" value="1"/>
      <Metric name="STELF" value="0"/>
      <Metric name="STFDN" value="0"/>
      <Metric name="STFDT" value="1"/>
      <Metric name="STFN1" value="1"/>
      <Metric name="STFN2" value="0"/>
      <Metric name="STGTO" value="0"/>
      <Metric name="STKDN" value="0.000"/>
      <Metric name="STKNT" value="0"/>
      <Metric name="STLCT" value="0"/>
      <Metric name="STLIN" value="0"/>
      <Metric name="STLOP" value="0"/>
      <Metric name="STM07" value="1"/>
      <Metric name="STM19" value="0"/>
      <Metric name="STMCC" value="0 (1:1)"/>
      <Metric name="STMIF" value="0"/>
      <Metric name="STPAR" value="1"/>
      <Metric name="STPBG" value="0"/>
      <Metric name="STPDN" value="1"/>
      <Metric name="STPTH" value="1"/>
      <Metric name="STST1" value="0"/>
      <Metric name="STST2" value="0"/>
      <Metric name="STST3" value="0"/>
      <Metric name="STSUB" value="0"/>
      <Metric name="STUNV" value="1"/>
      <Metric name="STXLN" value="1"/>
    </Entity>
    <Entity name="OS_MFA8" type="function">
      <Metric name="NPATH" value="1"/>
      <Metric name="STAKI" value="1"/>
      <Metric name="STAV1" value="1.000"/>
      <Metric name="STAV2" value="1.000"/>
      <Metric name="STAV3" value="3.000"/>
      <Metric name="STBAK" value="0"/>
      <Metric name="STCAL" value="0"/>
      <Metric name="STCYC" value="1"/>
      <Metric name="STELF" value="0"/>
      <Metric name="STFDN" value="1"/>
      <Metric name="STFDT" value="1"/>
      <Metric name="STFN1" value="1"/>
      <Metric name="STFN2" value="2"/>
      <Metric name="STGTO" value="0"/>
      <Metric name="STKDN" value="0.000"/>
      <Metric name="STKNT" value="0"/>
      <Metric name="STLCT" value="1"/>
      <Metric name="STLIN" value="0"/>
      <Metric name="STLOP" value="0"/>
      <Metric name="STM07" value="1"/>
      <Metric name="STM19" value="1"/>
      <Metric name="STMCC" value="0 (1:1)"/>
      <Metric name="STMIF" value="0"/>
      <Metric name="STPAR" value="0"/>
      <Metric name="STPBG" value="0"/>
      <Metric name="STPDN" value="0"/>
      <Metric name="STPTH" value="1"/>
      <Metric name="STST1" value="3"/>
      <Metric name="STST2" value="2"/>
      <Metric name="STST3" value="1"/>
      <Metric name="STSUB" value="0"/>
      <Metric name="STUNV" value="0"/>
      <Metric name="STXLN" value="2"/>
    </Entity>
    <Entity name="OS_MFRA" type="function">
      <Metric name="NPATH" value="1"/>
      <Metric name="STAKI" value="1"/>
      <Metric name="STAV1" value="1.000"/>
      <Metric name="STAV2" value="2.000"/>
      <Metric name="STAV3" value="4.000"/>
      <Metric name="STBAK" value="0"/>
      <Metric name="STCAL" value="0"/>
      <Metric name="STCYC" value="1"/>
      <Metric name="STELF" value="0"/>
      <Metric name="STFDN" value="2"/>
      <Metric name="STFDT" value="1"/>
      <Metric name="STFN1" value="1"/>
      <Metric name="STFN2" value="3"/>
      <Metric name="STGTO" value="0"/>
      <Metric name="STKDN" value="0.000"/>
      <Metric name="STKNT" value="0"/>
      <Metric name="STLCT" value="1"/>
      <Metric name="STLIN" value="0"/>
      <Metric name="STLOP" value="0"/>
      <Metric name="STM07" value="1"/>
      <Metric name="STM19" value="1"/>
      <Metric name="STMCC" value="0 (1:1)"/>
      <Metric name="STMIF" value="0"/>
      <Metric name="STPAR" value="0"/>
      <Metric name="STPBG" value="0"/>
      <Metric name="STPDN" value="0"/>
      <Metric name="STPTH" value="1"/>
      <Metric name="STST1" value="3"/>
      <Metric name="STST2" value="2"/>
      <Metric name="STST3" value="1"/>
      <Metric name="STSUB" value="0"/>
      <Metric name="STUNV" value="0"/>
      <Metric name="STXLN" value="2"/>
    </Entity>
    <Entity name="OS_MFSP" type="function">
      <Metric name="NPATH" value="1"/>
      <Metric name="STAKI" value="1"/>
      <Metric name="STAV1" value="1.000"/>
      <Metric name="STAV2" value="2.000"/>
      <Metric name="STAV3" value="4.000"/>
      <Metric name="STBAK" value="0"/>
      <Metric name="STCAL" value="0"/>
      <Metric name="STCYC" value="1"/>
      <Metric name="STELF" value="0"/>
      <Metric name="STFDN" value="2"/>
      <Metric name="STFDT" value="1"/>
      <Metric name="STFN1" value="1"/>
      <Metric name="STFN2" value="3"/>
      <Metric name="STGTO" value="0"/>
      <Metric name="STKDN" value="0.000"/>
      <Metric name="STKNT" value="0"/>
      <Metric name="STLCT" value="1"/>
      <Metric name="STLIN" value="0"/>
      <Metric name="STLOP" value="0"/>
      <Metric name="STM07" value="1"/>
      <Metric name="STM19" value="1"/>
      <Metric name="STMCC" value="0 (1:1)"/>
      <Metric name="STMIF" value="0"/>
      <Metric name="STPAR" value="0"/>
      <Metric name="STPBG" value="0"/>
      <Metric name="STPDN" value="0"/>
      <Metric name="STPTH" value="1"/>
      <Metric name="STST1" value="3"/>
      <Metric name="STST2" value="2"/>
      <Metric name="STST3" value="1"/>
      <Metric name="STSUB" value="0"/>
      <Metric name="STUNV" value="0"/>
      <Metric name="STXLN" value="2"/>
    </Entity>
  </File>
  <File name="D:/Material/3_Project/C673/MFC5J3_C673_Mcu_App/00_AsrStack/plugins/Os_TS_T16D27M6I1R0/include/TRICORE/Os_types_TRICORE.h"/>
  <File name="D:/Material/3_Project/C673/MFC5J3_C673_Mcu_App/00_AsrStack/plugins/Os_TS_T16D27M6I1R0/include/TRICORE/TC38XQ/Os_tc38xq.h"/>
  <File name="D:/Material/3_Project/C673/MFC5J3_C673_Mcu_App/00_AsrStack/plugins/Os_TS_T16D27M6I1R0/include/TRICORE/TC38XQ/Os_types_TC38XQ.h"/>
  <File name="D:/Material/3_Project/C673/MFC5J3_C673_Mcu_App/00_AsrStack/plugins/Platforms_TS_T16DxM4I0R0/include/Platforms_TSPlatforms.h"/>
  <File name="D:/Material/3_Project/C673/MFC5J3_C673_Mcu_App/00_AsrStack/plugins/Rte_TS_TxDxM6I6R0/include/Rte_Version.h"/>
  <File name="D:/Material/3_Project/C673/MFC5J3_C673_Mcu_App/00_AsrStack/plugins/StbM_TS_TxDxM4I0R0/include/StbM.h"/>
  <File name="D:/Material/3_Project/C673/MFC5J3_C673_Mcu_App/00_AsrStack/plugins/StbM_TS_TxDxM4I0R0/include/StbM_Types.h"/>
  <File name="D:/Material/3_Project/C673/MFC5J3_C673_Mcu_App/00_AsrStack/plugins/StbM_TS_TxDxM4I0R0/include/StbM_Version.h"/>
  <File name="D:/Material/3_Project/C673/MFC5J3_C673_Mcu_App/01_AsrConfig/output/generated/include/Atomics_MemMap.h"/>
  <File name="D:/Material/3_Project/C673/MFC5J3_C673_Mcu_App/01_AsrConfig/output/generated/include/Base_MemMap.h"/>
  <File name="D:/Material/3_Project/C673/MFC5J3_C673_Mcu_App/01_AsrConfig/output/generated/include/BswM_Cfg.h"/>
  <File name="D:/Material/3_Project/C673/MFC5J3_C673_Mcu_App/01_AsrConfig/output/generated/include/BswM_CfgTypes.h"/>
  <File name="D:/Material/3_Project/C673/MFC5J3_C673_Mcu_App/01_AsrConfig/output/generated/include/BswM_MemMap.h"/>
  <File name="D:/Material/3_Project/C673/MFC5J3_C673_Mcu_App/01_AsrConfig/output/generated/include/Can_GeneralTypes_Cfg.h"/>
  <File name="D:/Material/3_Project/C673/MFC5J3_C673_Mcu_App/01_AsrConfig/output/generated/include/ComStack_Cfg.h"/>
  <File name="D:/Material/3_Project/C673/MFC5J3_C673_Mcu_App/01_AsrConfig/output/generated/include/Comco_MemMap.h"/>
  <File name="D:/Material/3_Project/C673/MFC5J3_C673_Mcu_App/01_AsrConfig/output/generated/include/Compiler_CfgExtMcal.h"/>
  <File name="D:/Material/3_Project/C673/MFC5J3_C673_Mcu_App/01_AsrConfig/output/generated/include/Compiler_CfgInt.h"/>
  <File name="D:/Material/3_Project/C673/MFC5J3_C673_Mcu_App/01_AsrConfig/output/generated/include/Dcm_Cfg.h"/>
  <File name="D:/Material/3_Project/C673/MFC5J3_C673_Mcu_App/01_AsrConfig/output/generated/include/Dcm_MemMap.h"/>
  <File name="D:/Material/3_Project/C673/MFC5J3_C673_Mcu_App/01_AsrConfig/output/generated/include/Dcm_Types_Cfg.h"/>
  <File name="D:/Material/3_Project/C673/MFC5J3_C673_Mcu_App/01_AsrConfig/output/generated/include/Dem_Cfg.h"/>
  <File name="D:/Material/3_Project/C673/MFC5J3_C673_Mcu_App/01_AsrConfig/output/generated/include/Dem_IntErrId.h"/>
  <File name="D:/Material/3_Project/C673/MFC5J3_C673_Mcu_App/01_AsrConfig/output/generated/include/Dem_IntEvtId.h"/>
  <File name="D:/Material/3_Project/C673/MFC5J3_C673_Mcu_App/01_AsrConfig/output/generated/include/Dem_MemMap.h"/>
  <File name="D:/Material/3_Project/C673/MFC5J3_C673_Mcu_App/01_AsrConfig/output/generated/include/Esm_Core1_MemMap.h"/>
  <File name="D:/Material/3_Project/C673/MFC5J3_C673_Mcu_App/01_AsrConfig/output/generated/include/Esm_Core2_MemMap.h"/>
  <File name="D:/Material/3_Project/C673/MFC5J3_C673_Mcu_App/01_AsrConfig/output/generated/include/Esm_Core3_MemMap.h"/>
  <File name="D:/Material/3_Project/C673/MFC5J3_C673_Mcu_App/01_AsrConfig/output/generated/include/Esm_MemMap.h"/>
  <File name="D:/Material/3_Project/C673/MFC5J3_C673_Mcu_App/01_AsrConfig/output/generated/include/NmStack_Types.h"/>
  <File name="D:/Material/3_Project/C673/MFC5J3_C673_Mcu_App/01_AsrConfig/output/generated/include/Nm_MemMap.h"/>
  <File name="D:/Material/3_Project/C673/MFC5J3_C673_Mcu_App/01_AsrConfig/output/generated/include/NvM_Cfg.h"/>
  <File name="D:/Material/3_Project/C673/MFC5J3_C673_Mcu_App/01_AsrConfig/output/generated/include/NvM_MemMap.h"/>
  <File name="D:/Material/3_Project/C673/MFC5J3_C673_Mcu_App/01_AsrConfig/output/generated/include/NvM_Types.h"/>
  <File name="D:/Material/3_Project/C673/MFC5J3_C673_Mcu_App/01_AsrConfig/output/generated/include/Os_kconfig.h"/>
  <File name="D:/Material/3_Project/C673/MFC5J3_C673_Mcu_App/01_AsrConfig/output/generated/include/Os_libcfg.h"/>
  <File name="D:/Material/3_Project/C673/MFC5J3_C673_Mcu_App/01_AsrConfig/output/generated/include/Os_user.h"/>
  <File name="D:/Material/3_Project/C673/MFC5J3_C673_Mcu_App/01_AsrConfig/output/generated/include/Platform_Types.h"/>
  <File name="D:/Material/3_Project/C673/MFC5J3_C673_Mcu_App/01_AsrConfig/output/generated/include/Rte.h"/>
  <File name="D:/Material/3_Project/C673/MFC5J3_C673_Mcu_App/01_AsrConfig/output/generated/include/Rte_Cfg.h"/>
  <File name="D:/Material/3_Project/C673/MFC5J3_C673_Mcu_App/01_AsrConfig/output/generated/include/Rte_Components_Shared.h"/>
  <File name="D:/Material/3_Project/C673/MFC5J3_C673_Mcu_App/01_AsrConfig/output/generated/include/Rte_Dcm_Type.h"/>
  <File name="D:/Material/3_Project/C673/MFC5J3_C673_Mcu_App/01_AsrConfig/output/generated/include/Rte_Dem_Type.h"/>
  <File name="D:/Material/3_Project/C673/MFC5J3_C673_Mcu_App/01_AsrConfig/output/generated/include/Rte_Esm.h"/>
  <File name="D:/Material/3_Project/C673/MFC5J3_C673_Mcu_App/01_AsrConfig/output/generated/include/Rte_Esm_Core1.h"/>
  <File name="D:/Material/3_Project/C673/MFC5J3_C673_Mcu_App/01_AsrConfig/output/generated/include/Rte_Esm_Core1_Hook.h"/>
  <File name="D:/Material/3_Project/C673/MFC5J3_C673_Mcu_App/01_AsrConfig/output/generated/include/Rte_Esm_Core1_Type.h"/>
  <File name="D:/Material/3_Project/C673/MFC5J3_C673_Mcu_App/01_AsrConfig/output/generated/include/Rte_Esm_Core2.h"/>
  <File name="D:/Material/3_Project/C673/MFC5J3_C673_Mcu_App/01_AsrConfig/output/generated/include/Rte_Esm_Core2_Hook.h"/>
  <File name="D:/Material/3_Project/C673/MFC5J3_C673_Mcu_App/01_AsrConfig/output/generated/include/Rte_Esm_Core2_Type.h"/>
  <File name="D:/Material/3_Project/C673/MFC5J3_C673_Mcu_App/01_AsrConfig/output/generated/include/Rte_Esm_Core3.h"/>
  <File name="D:/Material/3_Project/C673/MFC5J3_C673_Mcu_App/01_AsrConfig/output/generated/include/Rte_Esm_Core3_Hook.h"/>
  <File name="D:/Material/3_Project/C673/MFC5J3_C673_Mcu_App/01_AsrConfig/output/generated/include/Rte_Esm_Core3_Type.h"/>
  <File name="D:/Material/3_Project/C673/MFC5J3_C673_Mcu_App/01_AsrConfig/output/generated/include/Rte_Esm_Hook.h"/>
  <File name="D:/Material/3_Project/C673/MFC5J3_C673_Mcu_App/01_AsrConfig/output/generated/include/Rte_Esm_Type.h"/>
  <File name="D:/Material/3_Project/C673/MFC5J3_C673_Mcu_App/01_AsrConfig/output/generated/include/Rte_MemMap.h"/>
  <File name="D:/Material/3_Project/C673/MFC5J3_C673_Mcu_App/01_AsrConfig/output/generated/include/Rte_NvM_Type.h"/>
  <File name="D:/Material/3_Project/C673/MFC5J3_C673_Mcu_App/01_AsrConfig/output/generated/include/Rte_StbM_Type.h"/>
  <File name="D:/Material/3_Project/C673/MFC5J3_C673_Mcu_App/01_AsrConfig/output/generated/include/Rte_Type.h"/>
  <File name="D:/Material/3_Project/C673/MFC5J3_C673_Mcu_App/01_AsrConfig/output/generated/include/Rte_WdgM_CORE_0_Type.h"/>
  <File name="D:/Material/3_Project/C673/MFC5J3_C673_Mcu_App/01_AsrConfig/output/generated/include/Rte_WdgM_CORE_1_Type.h"/>
  <File name="D:/Material/3_Project/C673/MFC5J3_C673_Mcu_App/01_AsrConfig/output/generated/include/SchM_Nm.h"/>
  <File name="D:/Material/3_Project/C673/MFC5J3_C673_Mcu_App/01_AsrConfig/output/generated/include/SchM_NmType.h"/>
  <File name="D:/Material/3_Project/C673/MFC5J3_C673_Mcu_App/01_AsrConfig/output/generated/include/StbM_Cfg.h"/>
  <File name="D:/Material/3_Project/C673/MFC5J3_C673_Mcu_App/01_AsrConfig/output/generated/include/StbM_Gen_Common.h"/>
  <File name="D:/Material/3_Project/C673/MFC5J3_C673_Mcu_App/01_AsrConfig/output/generated/include/StbM_MemMap.h"/>
  <File name="D:/Material/3_Project/C673/MFC5J3_C673_Mcu_App/01_AsrConfig/output/generated/include/TSAutosar_Cfg.h"/>
  <File name="D:/Material/3_Project/C673/MFC5J3_C673_Mcu_App/01_AsrConfig/output/generated/include/WdgM_Callouts.h"/>
  <File name="D:/Material/3_Project/C673/MFC5J3_C673_Mcu_App/01_AsrConfig/output/generated/include/WdgM_Cfg.h"/>
  <File name="D:/Material/3_Project/C673/MFC5J3_C673_Mcu_App/01_AsrConfig/output/generated/include/WdgM_MemMap.h"/>
  <File name="D:/Material/3_Project/C673/MFC5J3_C673_Mcu_App/01_AsrConfig/output/generated/include/WdgM_Types.h"/>
  <File name="D:/Material/3_Project/C673/MFC5J3_C673_Mcu_App/02_SrcAppl/EbIntegr/EbIntegr/Eb_Intgr_BswM_UserCallouts.h"/>
  <File name="D:/Material/3_Project/C673/MFC5J3_C673_Mcu_App/02_SrcAppl/EbIntegr/boards/TriboardTC387TH_DPM/board.h"/>
  <File name="D:/Material/3_Project/C673/MFC5J3_C673_Mcu_App/02_SrcAppl/EbIntegr/boards/TriboardTC387TH_DPM/board_version_check.h"/>
  <File name="D:/Material/3_Project/C673/MFC5J3_C673_Mcu_App/02_SrcAppl/FSMonitor/fs_boot.h"/>
  <File name="D:/Material/3_Project/C673/MFC5J3_C673_Mcu_App/02_SrcAppl/FSMonitor/fs_config.h"/>
  <File name="D:/Material/3_Project/C673/MFC5J3_C673_Mcu_App/02_SrcAppl/FSMonitor/function_safety.h"/>
  <File name="D:/Material/3_Project/C673/MFC5J3_C673_Mcu_App/02_SrcAppl/Platform/CSC_Platform/02_Config/Dbg_Cfg.h"/>
  <File name="D:/Material/3_Project/C673/MFC5J3_C673_Mcu_App/02_SrcAppl/Platform/CSC_Platform/8000_CSC_Platform_Common/01_Implements/01_Common/CSC_Platform_Common.h"/>
  <File name="D:/Material/3_Project/C673/MFC5J3_C673_Mcu_App/02_SrcAppl/Platform/CSC_Platform/8000_CSC_Platform_Common/01_Implements/01_Common/CSC_Platform_Common_Type.h"/>
  <File name="D:/Material/3_Project/C673/MFC5J3_C673_Mcu_App/02_SrcAppl/Platform/CSC_Platform/8000_CSC_Platform_Common/01_Implements/02_DataConvert/DataConvert.h"/>
  <File name="D:/Material/3_Project/C673/MFC5J3_C673_Mcu_App/02_SrcAppl/Platform/CSC_Platform/8000_CSC_Platform_Common/01_Implements/02_DataConvert/DataConvert_MemMap.h"/>
  <File name="D:/Material/3_Project/C673/MFC5J3_C673_Mcu_App/02_SrcAppl/Platform/CSC_Platform/8000_CSC_Platform_Common/01_Implements/04_Dbg/Dbg.h"/>
  <File name="D:/Material/3_Project/C673/MFC5J3_C673_Mcu_App/02_SrcAppl/Platform/CSC_Platform/8000_CSC_Platform_Common/01_Implements/05_MemMap/MemMap_Common.h"/>
  <File name="D:/Material/3_Project/C673/MFC5J3_C673_Mcu_App/02_SrcAppl/Platform/CSC_Platform/8000_CSC_Platform_Common/01_Implements/05_MemMap/MemMap_MemorySection.h"/>
  <File name="D:/Material/3_Project/C673/MFC5J3_C673_Mcu_App/02_SrcAppl/Platform/Compiler_Cfg.h"/>
  <File name="D:/Material/3_Project/C673/MFC5J3_C673_Mcu_App/02_SrcAppl/SpiServ/Sdc/inc/Sdc_Cfg.h"/>
  <File name="D:/Material/3_Project/C673/MFC5J3_C673_Mcu_App/02_SrcAppl/SpiServ/Sdc/inc/Sdc_Core_Type.h"/>
  <File name="D:/Material/3_Project/C673/MFC5J3_C673_Mcu_App/02_SrcAppl/SpiServ/Sdc/inc/Sdc_Diag.h"/>
  <File name="D:/Material/3_Project/C673/MFC5J3_C673_Mcu_App/02_SrcAppl/SpiServ/Sdc/inc/Sdc_MemMap.h"/>
  <File name="D:/Material/3_Project/C673/MFC5J3_C673_Mcu_App/02_SrcAppl/SpiServ/Sdc/inc/Sdc_SendInterface.h"/>
  <File name="D:/Material/3_Project/C673/MFC5J3_C673_Mcu_App/02_SrcAppl/SysM/ComCo/comcoordinator.h"/>
  <File name="D:/Material/3_Project/C673/MFC5J3_C673_Mcu_App/02_SrcAppl/SysM/Esm/Esm.c">
    <Entity name="D:/Material/3_Project/C673/MFC5J3_C673_Mcu_App/02_SrcAppl/SysM/Esm/Esm.c" type="file">
      <Metric name="STBME" value="1.927"/>
      <Metric name="STBMO" value="1.389"/>
      <Metric name="STBMS" value="1.674"/>
      <Metric name="STBUG" value="2"/>
      <Metric name="STCDN" value="0.600"/>
      <Metric name="STDEV" value="20.409"/>
      <Metric name="STDIF" value="14.885"/>
      <Metric name="STECT" value="2"/>
      <Metric name="STEFF" value="122453"/>
      <Metric name="STFCO" value="32"/>
      <Metric name="STFNC" value="16"/>
      <Metric name="STHAL" value="836"/>
      <Metric name="STM20" value="344"/>
      <Metric name="STM21" value="802"/>
      <Metric name="STM22" value="101"/>
      <Metric name="STM28" value="111"/>
      <Metric name="STM33" value="85"/>
      <Metric name="STOPN" value="103"/>
      <Metric name="STOPT" value="30"/>
      <Metric name="STSCT" value="11"/>
      <Metric name="STSHN" value="2935"/>
      <Metric name="STTDE" value="3.084"/>
      <Metric name="STTDO" value="2.832"/>
      <Metric name="STTDS" value="2.994"/>
      <Metric name="STTLN" value="230"/>
      <Metric name="STTOT" value="1166"/>
      <Metric name="STTPP" value="594"/>
      <Metric name="STVAR" value="84"/>
      <Metric name="STVOL" value="8226"/>
      <Metric name="STZIP" value="727"/>
    </Entity>
    <Entity name="Esm_Calculation" type="function">
      <Metric name="NPATH" value="8"/>
      <Metric name="STAKI" value="14"/>
      <Metric name="STAV1" value="5.000"/>
      <Metric name="STAV2" value="7.000"/>
      <Metric name="STAV3" value="9.000"/>
      <Metric name="STBAK" value="0"/>
      <Metric name="STCAL" value="5"/>
      <Metric name="STCYC" value="7"/>
      <Metric name="STELF" value="0"/>
      <Metric name="STFDN" value="17"/>
      <Metric name="STFDT" value="16"/>
      <Metric name="STFN1" value="106"/>
      <Metric name="STFN2" value="33"/>
      <Metric name="STGTO" value="0"/>
      <Metric name="STKDN" value="0.000"/>
      <Metric name="STKNT" value="0"/>
      <Metric name="STLCT" value="4"/>
      <Metric name="STLIN" value="39"/>
      <Metric name="STLOP" value="1"/>
      <Metric name="STM07" value="1"/>
      <Metric name="STM19" value="0"/>
      <Metric name="STMCC" value="1 (7:8)"/>
      <Metric name="STMIF" value="4"/>
      <Metric name="STPAR" value="0"/>
      <Metric name="STPBG" value="1"/>
      <Metric name="STPDN" value="0"/>
      <Metric name="STPTH" value="7"/>
      <Metric name="STST1" value="26"/>
      <Metric name="STST2" value="18"/>
      <Metric name="STST3" value="14"/>
      <Metric name="STSUB" value="7"/>
      <Metric name="STUNV" value="0"/>
      <Metric name="STXLN" value="19"/>
    </Entity>
    <Entity name="Esm_GetSocStartupFlag" type="function">
      <Metric name="NPATH" value="1"/>
      <Metric name="STAKI" value="1"/>
      <Metric name="STAV1" value="5.000"/>
      <Metric name="STAV2" value="5.000"/>
      <Metric name="STAV3" value="5.000"/>
      <Metric name="STBAK" value="0"/>
      <Metric name="STCAL" value="0"/>
      <Metric name="STCYC" value="1"/>
      <Metric name="STELF" value="0"/>
      <Metric name="STFDN" value="1"/>
      <Metric name="STFDT" value="4"/>
      <Metric name="STFN1" value="4"/>
      <Metric name="STFN2" value="1"/>
      <Metric name="STGTO" value="0"/>
      <Metric name="STKDN" value="0.000"/>
      <Metric name="STKNT" value="0"/>
      <Metric name="STLCT" value="0"/>
      <Metric name="STLIN" value="1"/>
      <Metric name="STLOP" value="0"/>
      <Metric name="STM07" value="1"/>
      <Metric name="STM19" value="1"/>
      <Metric name="STMCC" value="0 (1:1)"/>
      <Metric name="STMIF" value="0"/>
      <Metric name="STPAR" value="0"/>
      <Metric name="STPBG" value="0"/>
      <Metric name="STPDN" value="1"/>
      <Metric name="STPTH" value="1"/>
      <Metric name="STST1" value="1"/>
      <Metric name="STST2" value="1"/>
      <Metric name="STST3" value="1"/>
      <Metric name="STSUB" value="0"/>
      <Metric name="STUNV" value="0"/>
      <Metric name="STXLN" value="1"/>
    </Entity>
    <Entity name="Esm_InitFunction" type="function">
      <Metric name="NPATH" value="1"/>
      <Metric name="STAKI" value="1"/>
      <Metric name="STAV1" value="0.000"/>
      <Metric name="STAV2" value="0.000"/>
      <Metric name="STAV3" value="0.000"/>
      <Metric name="STBAK" value="0"/>
      <Metric name="STCAL" value="0"/>
      <Metric name="STCYC" value="1"/>
      <Metric name="STELF" value="0"/>
      <Metric name="STFDN" value="0"/>
      <Metric name="STFDT" value="2"/>
      <Metric name="STFN1" value="2"/>
      <Metric name="STFN2" value="0"/>
      <Metric name="STGTO" value="0"/>
      <Metric name="STKDN" value="0.000"/>
      <Metric name="STKNT" value="0"/>
      <Metric name="STLCT" value="0"/>
      <Metric name="STLIN" value="1"/>
      <Metric name="STLOP" value="0"/>
      <Metric name="STM07" value="1"/>
      <Metric name="STM19" value="0"/>
      <Metric name="STMCC" value="0 (1:1)"/>
      <Metric name="STMIF" value="0"/>
      <Metric name="STPAR" value="0"/>
      <Metric name="STPBG" value="0"/>
      <Metric name="STPDN" value="0"/>
      <Metric name="STPTH" value="1"/>
      <Metric name="STST1" value="0"/>
      <Metric name="STST2" value="0"/>
      <Metric name="STST3" value="0"/>
      <Metric name="STSUB" value="0"/>
      <Metric name="STUNV" value="0"/>
      <Metric name="STXLN" value="0"/>
    </Entity>
    <Entity name="Esm_MainFunction" type="function">
      <Metric name="NPATH" value="1"/>
      <Metric name="STAKI" value="4"/>
      <Metric name="STAV1" value="4.000"/>
      <Metric name="STAV2" value="4.000"/>
      <Metric name="STAV3" value="4.000"/>
      <Metric name="STBAK" value="0"/>
      <Metric name="STCAL" value="3"/>
      <Metric name="STCYC" value="1"/>
      <Metric name="STELF" value="0"/>
      <Metric name="STFDN" value="3"/>
      <Metric name="STFDT" value="5"/>
      <Metric name="STFN1" value="11"/>
      <Metric name="STFN2" value="3"/>
      <Metric name="STGTO" value="0"/>
      <Metric name="STKDN" value="0.000"/>
      <Metric name="STKNT" value="0"/>
      <Metric name="STLCT" value="0"/>
      <Metric name="STLIN" value="3"/>
      <Metric name="STLOP" value="0"/>
      <Metric name="STM07" value="1"/>
      <Metric name="STM19" value="0"/>
      <Metric name="STMCC" value="0 (1:1)"/>
      <Metric name="STMIF" value="0"/>
      <Metric name="STPAR" value="0"/>
      <Metric name="STPBG" value="0"/>
      <Metric name="STPDN" value="0"/>
      <Metric name="STPTH" value="1"/>
      <Metric name="STST1" value="3"/>
      <Metric name="STST2" value="3"/>
      <Metric name="STST3" value="3"/>
      <Metric name="STSUB" value="3"/>
      <Metric name="STUNV" value="0"/>
      <Metric name="STXLN" value="3"/>
    </Entity>
    <Entity name="Esm_RequestSocShutdownLoop" type="function">
      <Metric name="NPATH" value="19"/>
      <Metric name="STAKI" value="15"/>
      <Metric name="STAV1" value="5.000"/>
      <Metric name="STAV2" value="6.000"/>
      <Metric name="STAV3" value="8.000"/>
      <Metric name="STBAK" value="0"/>
      <Metric name="STCAL" value="4"/>
      <Metric name="STCYC" value="7"/>
      <Metric name="STELF" value="0"/>
      <Metric name="STFDN" value="21"/>
      <Metric name="STFDT" value="18"/>
      <Metric name="STFN1" value="164"/>
      <Metric name="STFN2" value="64"/>
      <Metric name="STGTO" value="0"/>
      <Metric name="STKDN" value="0.000"/>
      <Metric name="STKNT" value="0"/>
      <Metric name="STLCT" value="6"/>
      <Metric name="STLIN" value="83"/>
      <Metric name="STLOP" value="0"/>
      <Metric name="STM07" value="1"/>
      <Metric name="STM19" value="0"/>
      <Metric name="STMCC" value="0 (7:7)"/>
      <Metric name="STMIF" value="4"/>
      <Metric name="STPAR" value="0"/>
      <Metric name="STPBG" value="1"/>
      <Metric name="STPDN" value="0"/>
      <Metric name="STPTH" value="11"/>
      <Metric name="STST1" value="42"/>
      <Metric name="STST2" value="33"/>
      <Metric name="STST3" value="27"/>
      <Metric name="STSUB" value="8"/>
      <Metric name="STUNV" value="0"/>
      <Metric name="STXLN" value="35"/>
    </Entity>
    <Entity name="Esm_SocStartupPermission" type="function">
      <Metric name="NPATH" value="3"/>
      <Metric name="STAKI" value="5"/>
      <Metric name="STAV1" value="4.000"/>
      <Metric name="STAV2" value="5.000"/>
      <Metric name="STAV3" value="7.000"/>
      <Metric name="STBAK" value="0"/>
      <Metric name="STCAL" value="2"/>
      <Metric name="STCYC" value="3"/>
      <Metric name="STELF" value="0"/>
      <Metric name="STFDN" value="6"/>
      <Metric name="STFDT" value="12"/>
      <Metric name="STFN1" value="35"/>
      <Metric name="STFN2" value="10"/>
      <Metric name="STGTO" value="0"/>
      <Metric name="STKDN" value="0.000"/>
      <Metric name="STKNT" value="0"/>
      <Metric name="STLCT" value="2"/>
      <Metric name="STLIN" value="19"/>
      <Metric name="STLOP" value="0"/>
      <Metric name="STM07" value="1"/>
      <Metric name="STM19" value="0"/>
      <Metric name="STMCC" value="0 (3:3)"/>
      <Metric name="STMIF" value="2"/>
      <Metric name="STPAR" value="0"/>
      <Metric name="STPBG" value="0"/>
      <Metric name="STPDN" value="0"/>
      <Metric name="STPTH" value="3"/>
      <Metric name="STST1" value="11"/>
      <Metric name="STST2" value="8"/>
      <Metric name="STST3" value="6"/>
      <Metric name="STSUB" value="2"/>
      <Metric name="STUNV" value="0"/>
      <Metric name="STXLN" value="8"/>
    </Entity>
    <Entity name="Esm_shutdownprecondition" type="function">
      <Metric name="NPATH" value="2"/>
      <Metric name="STAKI" value="3"/>
      <Metric name="STAV1" value="4.000"/>
      <Metric name="STAV2" value="6.000"/>
      <Metric name="STAV3" value="8.000"/>
      <Metric name="STBAK" value="0"/>
      <Metric name="STCAL" value="1"/>
      <Metric name="STCYC" value="2"/>
      <Metric name="STELF" value="0"/>
      <Metric name="STFDN" value="5"/>
      <Metric name="STFDT" value="13"/>
      <Metric name="STFN1" value="32"/>
      <Metric name="STFN2" value="11"/>
      <Metric name="STGTO" value="0"/>
      <Metric name="STKDN" value="0.000"/>
      <Metric name="STKNT" value="0"/>
      <Metric name="STLCT" value="2"/>
      <Metric name="STLIN" value="19"/>
      <Metric name="STLOP" value="0"/>
      <Metric name="STM07" value="1"/>
      <Metric name="STM19" value="1"/>
      <Metric name="STMCC" value="0 (2:2)"/>
      <Metric name="STMIF" value="1"/>
      <Metric name="STPAR" value="0"/>
      <Metric name="STPBG" value="0"/>
      <Metric name="STPDN" value="0"/>
      <Metric name="STPTH" value="2"/>
      <Metric name="STST1" value="9"/>
      <Metric name="STST2" value="7"/>
      <Metric name="STST3" value="5"/>
      <Metric name="STSUB" value="1"/>
      <Metric name="STUNV" value="0"/>
      <Metric name="STXLN" value="7"/>
    </Entity>
    <Entity name="Esm_v_Camera_PowerOff" type="function">
      <Metric name="NPATH" value="2"/>
      <Metric name="STAKI" value="3"/>
      <Metric name="STAV1" value="3.000"/>
      <Metric name="STAV2" value="4.000"/>
      <Metric name="STAV3" value="4.000"/>
      <Metric name="STBAK" value="0"/>
      <Metric name="STCAL" value="1"/>
      <Metric name="STCYC" value="2"/>
      <Metric name="STELF" value="0"/>
      <Metric name="STFDN" value="3"/>
      <Metric name="STFDT" value="8"/>
      <Metric name="STFN1" value="15"/>
      <Metric name="STFN2" value="4"/>
      <Metric name="STGTO" value="0"/>
      <Metric name="STKDN" value="0.000"/>
      <Metric name="STKNT" value="0"/>
      <Metric name="STLCT" value="0"/>
      <Metric name="STLIN" value="6"/>
      <Metric name="STLOP" value="0"/>
      <Metric name="STM07" value="1"/>
      <Metric name="STM19" value="0"/>
      <Metric name="STMCC" value="0 (2:2)"/>
      <Metric name="STMIF" value="1"/>
      <Metric name="STPAR" value="0"/>
      <Metric name="STPBG" value="0"/>
      <Metric name="STPDN" value="0"/>
      <Metric name="STPTH" value="2"/>
      <Metric name="STST1" value="5"/>
      <Metric name="STST2" value="4"/>
      <Metric name="STST3" value="4"/>
      <Metric name="STSUB" value="1"/>
      <Metric name="STUNV" value="0"/>
      <Metric name="STXLN" value="4"/>
    </Entity>
    <Entity name="Esm_v_Camera_PowerOn" type="function">
      <Metric name="NPATH" value="2"/>
      <Metric name="STAKI" value="3"/>
      <Metric name="STAV1" value="3.000"/>
      <Metric name="STAV2" value="4.000"/>
      <Metric name="STAV3" value="4.000"/>
      <Metric name="STBAK" value="0"/>
      <Metric name="STCAL" value="1"/>
      <Metric name="STCYC" value="2"/>
      <Metric name="STELF" value="0"/>
      <Metric name="STFDN" value="3"/>
      <Metric name="STFDT" value="8"/>
      <Metric name="STFN1" value="15"/>
      <Metric name="STFN2" value="4"/>
      <Metric name="STGTO" value="0"/>
      <Metric name="STKDN" value="0.000"/>
      <Metric name="STKNT" value="0"/>
      <Metric name="STLCT" value="0"/>
      <Metric name="STLIN" value="6"/>
      <Metric name="STLOP" value="0"/>
      <Metric name="STM07" value="1"/>
      <Metric name="STM19" value="0"/>
      <Metric name="STMCC" value="0 (2:2)"/>
      <Metric name="STMIF" value="1"/>
      <Metric name="STPAR" value="0"/>
      <Metric name="STPBG" value="0"/>
      <Metric name="STPDN" value="0"/>
      <Metric name="STPTH" value="2"/>
      <Metric name="STST1" value="5"/>
      <Metric name="STST2" value="4"/>
      <Metric name="STST3" value="4"/>
      <Metric name="STSUB" value="1"/>
      <Metric name="STUNV" value="0"/>
      <Metric name="STXLN" value="4"/>
    </Entity>
    <Entity name="Esm_v_Ecu_HardReset" type="function">
      <Metric name="NPATH" value="1"/>
      <Metric name="STAKI" value="2"/>
      <Metric name="STAV1" value="6.000"/>
      <Metric name="STAV2" value="6.000"/>
      <Metric name="STAV3" value="6.000"/>
      <Metric name="STBAK" value="0"/>
      <Metric name="STCAL" value="1"/>
      <Metric name="STCYC" value="1"/>
      <Metric name="STELF" value="0"/>
      <Metric name="STFDN" value="1"/>
      <Metric name="STFDT" value="5"/>
      <Metric name="STFN1" value="5"/>
      <Metric name="STFN2" value="1"/>
      <Metric name="STGTO" value="0"/>
      <Metric name="STKDN" value="0.000"/>
      <Metric name="STKNT" value="0"/>
      <Metric name="STLCT" value="0"/>
      <Metric name="STLIN" value="1"/>
      <Metric name="STLOP" value="0"/>
      <Metric name="STM07" value="1"/>
      <Metric name="STM19" value="0"/>
      <Metric name="STMCC" value="0 (1:1)"/>
      <Metric name="STMIF" value="0"/>
      <Metric name="STPAR" value="0"/>
      <Metric name="STPBG" value="0"/>
      <Metric name="STPDN" value="1"/>
      <Metric name="STPTH" value="1"/>
      <Metric name="STST1" value="1"/>
      <Metric name="STST2" value="1"/>
      <Metric name="STST3" value="1"/>
      <Metric name="STSUB" value="1"/>
      <Metric name="STUNV" value="0"/>
      <Metric name="STXLN" value="1"/>
    </Entity>
    <Entity name="Esm_v_Ecu_SoftReset" type="function">
      <Metric name="NPATH" value="1"/>
      <Metric name="STAKI" value="2"/>
      <Metric name="STAV1" value="6.000"/>
      <Metric name="STAV2" value="6.000"/>
      <Metric name="STAV3" value="6.000"/>
      <Metric name="STBAK" value="0"/>
      <Metric name="STCAL" value="1"/>
      <Metric name="STCYC" value="1"/>
      <Metric name="STELF" value="0"/>
      <Metric name="STFDN" value="1"/>
      <Metric name="STFDT" value="5"/>
      <Metric name="STFN1" value="5"/>
      <Metric name="STFN2" value="1"/>
      <Metric name="STGTO" value="0"/>
      <Metric name="STKDN" value="0.000"/>
      <Metric name="STKNT" value="0"/>
      <Metric name="STLCT" value="0"/>
      <Metric name="STLIN" value="1"/>
      <Metric name="STLOP" value="0"/>
      <Metric name="STM07" value="1"/>
      <Metric name="STM19" value="0"/>
      <Metric name="STMCC" value="0 (1:1)"/>
      <Metric name="STMIF" value="0"/>
      <Metric name="STPAR" value="0"/>
      <Metric name="STPBG" value="0"/>
      <Metric name="STPDN" value="1"/>
      <Metric name="STPTH" value="1"/>
      <Metric name="STST1" value="1"/>
      <Metric name="STST2" value="1"/>
      <Metric name="STST3" value="1"/>
      <Metric name="STSUB" value="1"/>
      <Metric name="STUNV" value="0"/>
      <Metric name="STXLN" value="1"/>
    </Entity>
    <Entity name="Esm_v_Safety_Shutdown" type="function">
      <Metric name="NPATH" value="3"/>
      <Metric name="STAKI" value="6"/>
      <Metric name="STAV1" value="6.000"/>
      <Metric name="STAV2" value="6.000"/>
      <Metric name="STAV3" value="7.000"/>
      <Metric name="STBAK" value="0"/>
      <Metric name="STCAL" value="4"/>
      <Metric name="STCYC" value="2"/>
      <Metric name="STELF" value="0"/>
      <Metric name="STFDN" value="8"/>
      <Metric name="STFDT" value="12"/>
      <Metric name="STFN1" value="44"/>
      <Metric name="STFN2" value="11"/>
      <Metric name="STGTO" value="0"/>
      <Metric name="STKDN" value="0.000"/>
      <Metric name="STKNT" value="0"/>
      <Metric name="STLCT" value="1"/>
      <Metric name="STLIN" value="16"/>
      <Metric name="STLOP" value="1"/>
      <Metric name="STM07" value="1"/>
      <Metric name="STM19" value="0"/>
      <Metric name="STMCC" value="1 (2:3)"/>
      <Metric name="STMIF" value="1"/>
      <Metric name="STPAR" value="0"/>
      <Metric name="STPBG" value="0"/>
      <Metric name="STPDN" value="0"/>
      <Metric name="STPTH" value="2"/>
      <Metric name="STST1" value="9"/>
      <Metric name="STST2" value="8"/>
      <Metric name="STST3" value="7"/>
      <Metric name="STSUB" value="4"/>
      <Metric name="STUNV" value="0"/>
      <Metric name="STXLN" value="8"/>
    </Entity>
    <Entity name="Esm_v_Soc_PowerOff" type="function">
      <Metric name="NPATH" value="2"/>
      <Metric name="STAKI" value="2"/>
      <Metric name="STAV1" value="3.000"/>
      <Metric name="STAV2" value="4.000"/>
      <Metric name="STAV3" value="4.000"/>
      <Metric name="STBAK" value="0"/>
      <Metric name="STCAL" value="0"/>
      <Metric name="STCYC" value="2"/>
      <Metric name="STELF" value="0"/>
      <Metric name="STFDN" value="3"/>
      <Metric name="STFDT" value="8"/>
      <Metric name="STFN1" value="14"/>
      <Metric name="STFN2" value="4"/>
      <Metric name="STGTO" value="0"/>
      <Metric name="STKDN" value="0.000"/>
      <Metric name="STKNT" value="0"/>
      <Metric name="STLCT" value="0"/>
      <Metric name="STLIN" value="6"/>
      <Metric name="STLOP" value="0"/>
      <Metric name="STM07" value="1"/>
      <Metric name="STM19" value="0"/>
      <Metric name="STMCC" value="0 (2:2)"/>
      <Metric name="STMIF" value="1"/>
      <Metric name="STPAR" value="0"/>
      <Metric name="STPBG" value="0"/>
      <Metric name="STPDN" value="0"/>
      <Metric name="STPTH" value="2"/>
      <Metric name="STST1" value="5"/>
      <Metric name="STST2" value="4"/>
      <Metric name="STST3" value="4"/>
      <Metric name="STSUB" value="0"/>
      <Metric name="STUNV" value="0"/>
      <Metric name="STXLN" value="4"/>
    </Entity>
    <Entity name="Esm_v_Soc_PowerOn" type="function">
      <Metric name="NPATH" value="3"/>
      <Metric name="STAKI" value="3"/>
      <Metric name="STAV1" value="6.000"/>
      <Metric name="STAV2" value="8.000"/>
      <Metric name="STAV3" value="8.000"/>
      <Metric name="STBAK" value="0"/>
      <Metric name="STCAL" value="1"/>
      <Metric name="STCYC" value="2"/>
      <Metric name="STELF" value="0"/>
      <Metric name="STFDN" value="4"/>
      <Metric name="STFDT" value="10"/>
      <Metric name="STFN1" value="27"/>
      <Metric name="STFN2" value="5"/>
      <Metric name="STGTO" value="0"/>
      <Metric name="STKDN" value="0.000"/>
      <Metric name="STKNT" value="0"/>
      <Metric name="STLCT" value="0"/>
      <Metric name="STLIN" value="11"/>
      <Metric name="STLOP" value="1"/>
      <Metric name="STM07" value="1"/>
      <Metric name="STM19" value="0"/>
      <Metric name="STMCC" value="1 (2:3)"/>
      <Metric name="STMIF" value="1"/>
      <Metric name="STPAR" value="0"/>
      <Metric name="STPBG" value="0"/>
      <Metric name="STPDN" value="0"/>
      <Metric name="STPTH" value="2"/>
      <Metric name="STST1" value="5"/>
      <Metric name="STST2" value="4"/>
      <Metric name="STST3" value="4"/>
      <Metric name="STSUB" value="1"/>
      <Metric name="STUNV" value="0"/>
      <Metric name="STXLN" value="4"/>
    </Entity>
    <Entity name="Esm_v_Soc_Reset" type="function">
      <Metric name="NPATH" value="3"/>
      <Metric name="STAKI" value="5"/>
      <Metric name="STAV1" value="7.000"/>
      <Metric name="STAV2" value="9.000"/>
      <Metric name="STAV3" value="12.000"/>
      <Metric name="STBAK" value="0"/>
      <Metric name="STCAL" value="3"/>
      <Metric name="STCYC" value="2"/>
      <Metric name="STELF" value="0"/>
      <Metric name="STFDN" value="8"/>
      <Metric name="STFDT" value="11"/>
      <Metric name="STFN1" value="28"/>
      <Metric name="STFN2" value="10"/>
      <Metric name="STGTO" value="0"/>
      <Metric name="STKDN" value="0.000"/>
      <Metric name="STKNT" value="0"/>
      <Metric name="STLCT" value="1"/>
      <Metric name="STLIN" value="8"/>
      <Metric name="STLOP" value="1"/>
      <Metric name="STM07" value="1"/>
      <Metric name="STM19" value="0"/>
      <Metric name="STMCC" value="1 (2:3)"/>
      <Metric name="STMIF" value="1"/>
      <Metric name="STPAR" value="0"/>
      <Metric name="STPBG" value="0"/>
      <Metric name="STPDN" value="0"/>
      <Metric name="STPTH" value="2"/>
      <Metric name="STST1" value="5"/>
      <Metric name="STST2" value="4"/>
      <Metric name="STST3" value="3"/>
      <Metric name="STSUB" value="3"/>
      <Metric name="STUNV" value="0"/>
      <Metric name="STXLN" value="4"/>
    </Entity>
    <Entity name="Esm_v_System_Shutdown" type="function">
      <Metric name="NPATH" value="2"/>
      <Metric name="STAKI" value="5"/>
      <Metric name="STAV1" value="5.000"/>
      <Metric name="STAV2" value="6.000"/>
      <Metric name="STAV3" value="8.000"/>
      <Metric name="STBAK" value="0"/>
      <Metric name="STCAL" value="3"/>
      <Metric name="STCYC" value="2"/>
      <Metric name="STELF" value="0"/>
      <Metric name="STFDN" value="6"/>
      <Metric name="STFDT" value="11"/>
      <Metric name="STFN1" value="33"/>
      <Metric name="STFN2" value="8"/>
      <Metric name="STGTO" value="0"/>
      <Metric name="STKDN" value="0.000"/>
      <Metric name="STKNT" value="0"/>
      <Metric name="STLCT" value="1"/>
      <Metric name="STLIN" value="14"/>
      <Metric name="STLOP" value="0"/>
      <Metric name="STM07" value="1"/>
      <Metric name="STM19" value="0"/>
      <Metric name="STMCC" value="0 (2:2)"/>
      <Metric name="STMIF" value="1"/>
      <Metric name="STPAR" value="0"/>
      <Metric name="STPBG" value="0"/>
      <Metric name="STPDN" value="0"/>
      <Metric name="STPTH" value="2"/>
      <Metric name="STST1" value="7"/>
      <Metric name="STST2" value="6"/>
      <Metric name="STST3" value="5"/>
      <Metric name="STSUB" value="3"/>
      <Metric name="STUNV" value="0"/>
      <Metric name="STXLN" value="6"/>
    </Entity>
  </File>
  <File name="D:/Material/3_Project/C673/MFC5J3_C673_Mcu_App/02_SrcAppl/SysM/Esm/Esm.h"/>
  <File name="D:/Material/3_Project/C673/MFC5J3_C673_Mcu_App/02_SrcAppl/SysM/Esm/Esm_Core1.c">
    <Entity name="D:/Material/3_Project/C673/MFC5J3_C673_Mcu_App/02_SrcAppl/SysM/Esm/Esm_Core1.c" type="file">
      <Metric name="STBME" value="0.121"/>
      <Metric name="STBMO" value="0.123"/>
      <Metric name="STBMS" value="0.126"/>
      <Metric name="STBUG" value="0"/>
      <Metric name="STCDN" value="5.707"/>
      <Metric name="STDEV" value="0.101"/>
      <Metric name="STDIF" value="6.241"/>
      <Metric name="STECT" value="0"/>
      <Metric name="STEFF" value="604"/>
      <Metric name="STFCO" value="0"/>
      <Metric name="STFNC" value="2"/>
      <Metric name="STHAL" value="32"/>
      <Metric name="STM20" value="6"/>
      <Metric name="STM21" value="20"/>
      <Metric name="STM22" value="0"/>
      <Metric name="STM28" value="9"/>
      <Metric name="STM33" value="3"/>
      <Metric name="STOPN" value="4"/>
      <Metric name="STOPT" value="8"/>
      <Metric name="STSCT" value="0"/>
      <Metric name="STSHN" value="95"/>
      <Metric name="STTDE" value="1.270"/>
      <Metric name="STTDO" value="1.127"/>
      <Metric name="STTDS" value="1.211"/>
      <Metric name="STTLN" value="6"/>
      <Metric name="STTOT" value="27"/>
      <Metric name="STTPP" value="59"/>
      <Metric name="STVAR" value="4"/>
      <Metric name="STVOL" value="97"/>
      <Metric name="STZIP" value="37"/>
    </Entity>
    <Entity name="Esm_Core1_InitFunction" type="function">
      <Metric name="NPATH" value="1"/>
      <Metric name="STAKI" value="1"/>
      <Metric name="STAV1" value="0.000"/>
      <Metric name="STAV2" value="0.000"/>
      <Metric name="STAV3" value="0.000"/>
      <Metric name="STBAK" value="0"/>
      <Metric name="STCAL" value="0"/>
      <Metric name="STCYC" value="1"/>
      <Metric name="STELF" value="0"/>
      <Metric name="STFDN" value="0"/>
      <Metric name="STFDT" value="2"/>
      <Metric name="STFN1" value="2"/>
      <Metric name="STFN2" value="0"/>
      <Metric name="STGTO" value="0"/>
      <Metric name="STKDN" value="0.000"/>
      <Metric name="STKNT" value="0"/>
      <Metric name="STLCT" value="0"/>
      <Metric name="STLIN" value="1"/>
      <Metric name="STLOP" value="0"/>
      <Metric name="STM07" value="1"/>
      <Metric name="STM19" value="0"/>
      <Metric name="STMCC" value="0 (1:1)"/>
      <Metric name="STMIF" value="0"/>
      <Metric name="STPAR" value="0"/>
      <Metric name="STPBG" value="0"/>
      <Metric name="STPDN" value="0"/>
      <Metric name="STPTH" value="1"/>
      <Metric name="STST1" value="0"/>
      <Metric name="STST2" value="0"/>
      <Metric name="STST3" value="0"/>
      <Metric name="STSUB" value="0"/>
      <Metric name="STUNV" value="0"/>
      <Metric name="STXLN" value="0"/>
    </Entity>
    <Entity name="Esm_Core1_MainFunction" type="function">
      <Metric name="NPATH" value="1"/>
      <Metric name="STAKI" value="1"/>
      <Metric name="STAV1" value="0.000"/>
      <Metric name="STAV2" value="0.000"/>
      <Metric name="STAV3" value="0.000"/>
      <Metric name="STBAK" value="0"/>
      <Metric name="STCAL" value="0"/>
      <Metric name="STCYC" value="1"/>
      <Metric name="STELF" value="0"/>
      <Metric name="STFDN" value="0"/>
      <Metric name="STFDT" value="2"/>
      <Metric name="STFN1" value="2"/>
      <Metric name="STFN2" value="0"/>
      <Metric name="STGTO" value="0"/>
      <Metric name="STKDN" value="0.000"/>
      <Metric name="STKNT" value="0"/>
      <Metric name="STLCT" value="0"/>
      <Metric name="STLIN" value="1"/>
      <Metric name="STLOP" value="0"/>
      <Metric name="STM07" value="1"/>
      <Metric name="STM19" value="0"/>
      <Metric name="STMCC" value="0 (1:1)"/>
      <Metric name="STMIF" value="0"/>
      <Metric name="STPAR" value="0"/>
      <Metric name="STPBG" value="0"/>
      <Metric name="STPDN" value="0"/>
      <Metric name="STPTH" value="1"/>
      <Metric name="STST1" value="0"/>
      <Metric name="STST2" value="0"/>
      <Metric name="STST3" value="0"/>
      <Metric name="STSUB" value="0"/>
      <Metric name="STUNV" value="0"/>
      <Metric name="STXLN" value="0"/>
    </Entity>
  </File>
  <File name="D:/Material/3_Project/C673/MFC5J3_C673_Mcu_App/02_SrcAppl/SysM/Esm/Esm_Core2.c">
    <Entity name="D:/Material/3_Project/C673/MFC5J3_C673_Mcu_App/02_SrcAppl/SysM/Esm/Esm_Core2.c" type="file">
      <Metric name="STBME" value="0.116"/>
      <Metric name="STBMO" value="0.119"/>
      <Metric name="STBMS" value="0.121"/>
      <Metric name="STBUG" value="0"/>
      <Metric name="STCDN" value="5.707"/>
      <Metric name="STDEV" value="0.101"/>
      <Metric name="STDIF" value="6.241"/>
      <Metric name="STECT" value="0"/>
      <Metric name="STEFF" value="604"/>
      <Metric name="STFCO" value="0"/>
      <Metric name="STFNC" value="2"/>
      <Metric name="STHAL" value="32"/>
      <Metric name="STM20" value="6"/>
      <Metric name="STM21" value="20"/>
      <Metric name="STM22" value="0"/>
      <Metric name="STM28" value="9"/>
      <Metric name="STM33" value="3"/>
      <Metric name="STOPN" value="4"/>
      <Metric name="STOPT" value="8"/>
      <Metric name="STSCT" value="0"/>
      <Metric name="STSHN" value="95"/>
      <Metric name="STTDE" value="1.254"/>
      <Metric name="STTDO" value="1.112"/>
      <Metric name="STTDS" value="1.195"/>
      <Metric name="STTLN" value="6"/>
      <Metric name="STTOT" value="27"/>
      <Metric name="STTPP" value="57"/>
      <Metric name="STVAR" value="4"/>
      <Metric name="STVOL" value="97"/>
      <Metric name="STZIP" value="37"/>
    </Entity>
    <Entity name="Esm_Core2_InitFunction" type="function">
      <Metric name="NPATH" value="1"/>
      <Metric name="STAKI" value="1"/>
      <Metric name="STAV1" value="0.000"/>
      <Metric name="STAV2" value="0.000"/>
      <Metric name="STAV3" value="0.000"/>
      <Metric name="STBAK" value="0"/>
      <Metric name="STCAL" value="0"/>
      <Metric name="STCYC" value="1"/>
      <Metric name="STELF" value="0"/>
      <Metric name="STFDN" value="0"/>
      <Metric name="STFDT" value="2"/>
      <Metric name="STFN1" value="2"/>
      <Metric name="STFN2" value="0"/>
      <Metric name="STGTO" value="0"/>
      <Metric name="STKDN" value="0.000"/>
      <Metric name="STKNT" value="0"/>
      <Metric name="STLCT" value="0"/>
      <Metric name="STLIN" value="1"/>
      <Metric name="STLOP" value="0"/>
      <Metric name="STM07" value="1"/>
      <Metric name="STM19" value="0"/>
      <Metric name="STMCC" value="0 (1:1)"/>
      <Metric name="STMIF" value="0"/>
      <Metric name="STPAR" value="0"/>
      <Metric name="STPBG" value="0"/>
      <Metric name="STPDN" value="0"/>
      <Metric name="STPTH" value="1"/>
      <Metric name="STST1" value="0"/>
      <Metric name="STST2" value="0"/>
      <Metric name="STST3" value="0"/>
      <Metric name="STSUB" value="0"/>
      <Metric name="STUNV" value="0"/>
      <Metric name="STXLN" value="0"/>
    </Entity>
    <Entity name="Esm_Core2_MainFunction" type="function">
      <Metric name="NPATH" value="1"/>
      <Metric name="STAKI" value="1"/>
      <Metric name="STAV1" value="0.000"/>
      <Metric name="STAV2" value="0.000"/>
      <Metric name="STAV3" value="0.000"/>
      <Metric name="STBAK" value="0"/>
      <Metric name="STCAL" value="0"/>
      <Metric name="STCYC" value="1"/>
      <Metric name="STELF" value="0"/>
      <Metric name="STFDN" value="0"/>
      <Metric name="STFDT" value="2"/>
      <Metric name="STFN1" value="2"/>
      <Metric name="STFN2" value="0"/>
      <Metric name="STGTO" value="0"/>
      <Metric name="STKDN" value="0.000"/>
      <Metric name="STKNT" value="0"/>
      <Metric name="STLCT" value="0"/>
      <Metric name="STLIN" value="1"/>
      <Metric name="STLOP" value="0"/>
      <Metric name="STM07" value="1"/>
      <Metric name="STM19" value="0"/>
      <Metric name="STMCC" value="0 (1:1)"/>
      <Metric name="STMIF" value="0"/>
      <Metric name="STPAR" value="0"/>
      <Metric name="STPBG" value="0"/>
      <Metric name="STPDN" value="0"/>
      <Metric name="STPTH" value="1"/>
      <Metric name="STST1" value="0"/>
      <Metric name="STST2" value="0"/>
      <Metric name="STST3" value="0"/>
      <Metric name="STSUB" value="0"/>
      <Metric name="STUNV" value="0"/>
      <Metric name="STXLN" value="0"/>
    </Entity>
  </File>
  <File name="D:/Material/3_Project/C673/MFC5J3_C673_Mcu_App/02_SrcAppl/SysM/Esm/Esm_Core3.c">
    <Entity name="D:/Material/3_Project/C673/MFC5J3_C673_Mcu_App/02_SrcAppl/SysM/Esm/Esm_Core3.c" type="file">
      <Metric name="STBME" value="0.116"/>
      <Metric name="STBMO" value="0.119"/>
      <Metric name="STBMS" value="0.121"/>
      <Metric name="STBUG" value="0"/>
      <Metric name="STCDN" value="5.707"/>
      <Metric name="STDEV" value="0.101"/>
      <Metric name="STDIF" value="6.241"/>
      <Metric name="STECT" value="0"/>
      <Metric name="STEFF" value="604"/>
      <Metric name="STFCO" value="0"/>
      <Metric name="STFNC" value="2"/>
      <Metric name="STHAL" value="32"/>
      <Metric name="STM20" value="6"/>
      <Metric name="STM21" value="20"/>
      <Metric name="STM22" value="0"/>
      <Metric name="STM28" value="9"/>
      <Metric name="STM33" value="3"/>
      <Metric name="STOPN" value="4"/>
      <Metric name="STOPT" value="8"/>
      <Metric name="STSCT" value="0"/>
      <Metric name="STSHN" value="95"/>
      <Metric name="STTDE" value="1.254"/>
      <Metric name="STTDO" value="1.112"/>
      <Metric name="STTDS" value="1.195"/>
      <Metric name="STTLN" value="6"/>
      <Metric name="STTOT" value="27"/>
      <Metric name="STTPP" value="57"/>
      <Metric name="STVAR" value="4"/>
      <Metric name="STVOL" value="97"/>
      <Metric name="STZIP" value="37"/>
    </Entity>
    <Entity name="Esm_Core3_InitFunction" type="function">
      <Metric name="NPATH" value="1"/>
      <Metric name="STAKI" value="1"/>
      <Metric name="STAV1" value="0.000"/>
      <Metric name="STAV2" value="0.000"/>
      <Metric name="STAV3" value="0.000"/>
      <Metric name="STBAK" value="0"/>
      <Metric name="STCAL" value="0"/>
      <Metric name="STCYC" value="1"/>
      <Metric name="STELF" value="0"/>
      <Metric name="STFDN" value="0"/>
      <Metric name="STFDT" value="2"/>
      <Metric name="STFN1" value="2"/>
      <Metric name="STFN2" value="0"/>
      <Metric name="STGTO" value="0"/>
      <Metric name="STKDN" value="0.000"/>
      <Metric name="STKNT" value="0"/>
      <Metric name="STLCT" value="0"/>
      <Metric name="STLIN" value="1"/>
      <Metric name="STLOP" value="0"/>
      <Metric name="STM07" value="1"/>
      <Metric name="STM19" value="0"/>
      <Metric name="STMCC" value="0 (1:1)"/>
      <Metric name="STMIF" value="0"/>
      <Metric name="STPAR" value="0"/>
      <Metric name="STPBG" value="0"/>
      <Metric name="STPDN" value="0"/>
      <Metric name="STPTH" value="1"/>
      <Metric name="STST1" value="0"/>
      <Metric name="STST2" value="0"/>
      <Metric name="STST3" value="0"/>
      <Metric name="STSUB" value="0"/>
      <Metric name="STUNV" value="0"/>
      <Metric name="STXLN" value="0"/>
    </Entity>
    <Entity name="Esm_Core3_MainFunction" type="function">
      <Metric name="NPATH" value="1"/>
      <Metric name="STAKI" value="1"/>
      <Metric name="STAV1" value="0.000"/>
      <Metric name="STAV2" value="0.000"/>
      <Metric name="STAV3" value="0.000"/>
      <Metric name="STBAK" value="0"/>
      <Metric name="STCAL" value="0"/>
      <Metric name="STCYC" value="1"/>
      <Metric name="STELF" value="0"/>
      <Metric name="STFDN" value="0"/>
      <Metric name="STFDT" value="2"/>
      <Metric name="STFN1" value="2"/>
      <Metric name="STFN2" value="0"/>
      <Metric name="STGTO" value="0"/>
      <Metric name="STKDN" value="0.000"/>
      <Metric name="STKNT" value="0"/>
      <Metric name="STLCT" value="0"/>
      <Metric name="STLIN" value="1"/>
      <Metric name="STLOP" value="0"/>
      <Metric name="STM07" value="1"/>
      <Metric name="STM19" value="0"/>
      <Metric name="STMCC" value="0 (1:1)"/>
      <Metric name="STMIF" value="0"/>
      <Metric name="STPAR" value="0"/>
      <Metric name="STPBG" value="0"/>
      <Metric name="STPDN" value="0"/>
      <Metric name="STPTH" value="1"/>
      <Metric name="STST1" value="0"/>
      <Metric name="STST2" value="0"/>
      <Metric name="STST3" value="0"/>
      <Metric name="STSUB" value="0"/>
      <Metric name="STUNV" value="0"/>
      <Metric name="STXLN" value="0"/>
    </Entity>
  </File>
  <File name="D:/Material/3_Project/C673/MFC5J3_C673_Mcu_App/02_SrcAppl/SysM/Gp_PowerCtrl/Cdd_Pmc.h"/>
  <File name="D:/Material/3_Project/C673/MFC5J3_C673_Mcu_App/02_SrcAppl/TimeServ/Time/02_Config/Time_Cfg.h"/>
  <File name="D:/Material/3_Project/C673/MFC5J3_C673_Mcu_App/02_SrcAppl/TimeServ/Time/02_Config/Time_MemMap.h"/>
  <File name="D:/Material/3_Project/C673/MFC5J3_C673_Mcu_App/02_SrcAppl/TimeServ/Time/8007_CSC_Platform_Time/01_Implements/Time.h"/>
</Metrics>
