<?xml version='1.0' encoding='UTF-8'?>
<Metrics>
  <!--This report was generated using Helix QAC and is the Intellectual Property of Programming Research Limited.-->
  <File name="D:/Material/3_Project/C673/MFC5J3_C673_Mcu_App/00_AsrStack/plugins/Atomics_TS_TxDxM1I0R0/include/Atomics_TSPlatforms.h"/>
  <File name="D:/Material/3_Project/C673/MFC5J3_C673_Mcu_App/00_AsrStack/plugins/Atomics_TS_TxDxM1I0R0/include/Atomics_platform_types.h"/>
  <File name="D:/Material/3_Project/C673/MFC5J3_C673_Mcu_App/00_AsrStack/plugins/Base_TS_TxDxM5I1R0/include/Can_GeneralTypes.h"/>
  <File name="D:/Material/3_Project/C673/MFC5J3_C673_Mcu_App/00_AsrStack/plugins/Base_TS_TxDxM5I1R0/include/ComStack_Types.h"/>
  <File name="D:/Material/3_Project/C673/MFC5J3_C673_Mcu_App/00_AsrStack/plugins/Base_TS_TxDxM5I1R0/include/Compiler_Common.h"/>
  <File name="D:/Material/3_Project/C673/MFC5J3_C673_Mcu_App/00_AsrStack/plugins/Base_TS_TxDxM5I1R0/include/Std_Types.h"/>
  <File name="D:/Material/3_Project/C673/MFC5J3_C673_Mcu_App/00_AsrStack/plugins/Base_TS_TxDxM5I1R0/include/TSAutosar.h"/>
  <File name="D:/Material/3_Project/C673/MFC5J3_C673_Mcu_App/00_AsrStack/plugins/Base_TS_TxDxM5I1R0/include/TSCompiler_Default.h"/>
  <File name="D:/Material/3_Project/C673/MFC5J3_C673_Mcu_App/00_AsrStack/plugins/Base_TS_TxDxM5I1R0/include/TSMem.h"/>
  <File name="D:/Material/3_Project/C673/MFC5J3_C673_Mcu_App/00_AsrStack/plugins/Base_TS_TxDxM5I1R0/include/TSPBConfig_BasicTypes.h"/>
  <File name="D:/Material/3_Project/C673/MFC5J3_C673_Mcu_App/00_AsrStack/plugins/Base_TS_TxDxM5I1R0/include/TSPBConfig_Types.h"/>
  <File name="D:/Material/3_Project/C673/MFC5J3_C673_Mcu_App/00_AsrStack/plugins/CanIf_TS_TxDxM6I10R0/include/CanIf_Api.h"/>
  <File name="D:/Material/3_Project/C673/MFC5J3_C673_Mcu_App/00_AsrStack/plugins/CanIf_TS_TxDxM6I10R0/include/CanIf_Version.h"/>
  <File name="D:/Material/3_Project/C673/MFC5J3_C673_Mcu_App/00_AsrStack/plugins/CanNm_TS_TxDxM6I19R0/include/CanNm.h"/>
  <File name="D:/Material/3_Project/C673/MFC5J3_C673_Mcu_App/00_AsrStack/plugins/CanNm_TS_TxDxM6I19R0/include/CanNm_Api.h"/>
  <File name="D:/Material/3_Project/C673/MFC5J3_C673_Mcu_App/00_AsrStack/plugins/CanNm_TS_TxDxM6I19R0/include/CanNm_Version.h"/>
  <File name="D:/Material/3_Project/C673/MFC5J3_C673_Mcu_App/00_AsrStack/plugins/Compiler_TS_TxDxM1I0R0/include/Compiler.h"/>
  <File name="D:/Material/3_Project/C673/MFC5J3_C673_Mcu_App/00_AsrStack/plugins/Compiler_TS_TxDxM1I0R0/include/TRICORE/tasking/Compiler_Specific.h"/>
  <File name="D:/Material/3_Project/C673/MFC5J3_C673_Mcu_App/00_AsrStack/plugins/Compiler_TS_TxDxM1I0R0/include/TSCompiler.h"/>
  <File name="D:/Material/3_Project/C673/MFC5J3_C673_Mcu_App/00_AsrStack/plugins/Nm_TS_TxDxM5I12R0/include/Nm_Cbk.h"/>
  <File name="D:/Material/3_Project/C673/MFC5J3_C673_Mcu_App/00_AsrStack/plugins/Nm_TS_TxDxM5I12R0/include/Nm_Version.h"/>
  <File name="D:/Material/3_Project/C673/MFC5J3_C673_Mcu_App/00_AsrStack/plugins/Platforms_TS_T16DxM4I0R0/include/Platforms_TSPlatforms.h"/>
  <File name="D:/Material/3_Project/C673/MFC5J3_C673_Mcu_App/00_AsrStack/plugins/Rte_TS_TxDxM6I6R0/include/Rte_Version.h"/>
  <File name="D:/Material/3_Project/C673/MFC5J3_C673_Mcu_App/01_AsrConfig/output/generated/include/Atomics_MemMap.h"/>
  <File name="D:/Material/3_Project/C673/MFC5J3_C673_Mcu_App/01_AsrConfig/output/generated/include/Base_MemMap.h"/>
  <File name="D:/Material/3_Project/C673/MFC5J3_C673_Mcu_App/01_AsrConfig/output/generated/include/CanIf_Cfg.h"/>
  <File name="D:/Material/3_Project/C673/MFC5J3_C673_Mcu_App/01_AsrConfig/output/generated/include/CanIf_MemMap.h"/>
  <File name="D:/Material/3_Project/C673/MFC5J3_C673_Mcu_App/01_AsrConfig/output/generated/include/CanIf_SymbolicNames_PBcfg.h"/>
  <File name="D:/Material/3_Project/C673/MFC5J3_C673_Mcu_App/01_AsrConfig/output/generated/include/CanIf_Types.h"/>
  <File name="D:/Material/3_Project/C673/MFC5J3_C673_Mcu_App/01_AsrConfig/output/generated/include/CanIf_Types_Int.h"/>
  <File name="D:/Material/3_Project/C673/MFC5J3_C673_Mcu_App/01_AsrConfig/output/generated/include/CanNm_Cfg.h"/>
  <File name="D:/Material/3_Project/C673/MFC5J3_C673_Mcu_App/01_AsrConfig/output/generated/include/CanNm_Lcfg.h"/>
  <File name="D:/Material/3_Project/C673/MFC5J3_C673_Mcu_App/01_AsrConfig/output/generated/include/CanNm_MemMap.h"/>
  <File name="D:/Material/3_Project/C673/MFC5J3_C673_Mcu_App/01_AsrConfig/output/generated/include/CanNm_PBcfg.h"/>
  <File name="D:/Material/3_Project/C673/MFC5J3_C673_Mcu_App/01_AsrConfig/output/generated/include/CanNm_SymbolicNames_PBcfg.h"/>
  <File name="D:/Material/3_Project/C673/MFC5J3_C673_Mcu_App/01_AsrConfig/output/generated/include/CanNm_Types.h"/>
  <File name="D:/Material/3_Project/C673/MFC5J3_C673_Mcu_App/01_AsrConfig/output/generated/include/Can_GeneralTypes_Cfg.h"/>
  <File name="D:/Material/3_Project/C673/MFC5J3_C673_Mcu_App/01_AsrConfig/output/generated/include/ComStack_Cfg.h"/>
  <File name="D:/Material/3_Project/C673/MFC5J3_C673_Mcu_App/01_AsrConfig/output/generated/include/Comco_MemMap.h"/>
  <File name="D:/Material/3_Project/C673/MFC5J3_C673_Mcu_App/01_AsrConfig/output/generated/include/Compiler_CfgExtMcal.h"/>
  <File name="D:/Material/3_Project/C673/MFC5J3_C673_Mcu_App/01_AsrConfig/output/generated/include/Compiler_CfgInt.h"/>
  <File name="D:/Material/3_Project/C673/MFC5J3_C673_Mcu_App/01_AsrConfig/output/generated/include/NmStack_Types.h"/>
  <File name="D:/Material/3_Project/C673/MFC5J3_C673_Mcu_App/01_AsrConfig/output/generated/include/Nm_Cfg.h"/>
  <File name="D:/Material/3_Project/C673/MFC5J3_C673_Mcu_App/01_AsrConfig/output/generated/include/Nm_MemMap.h"/>
  <File name="D:/Material/3_Project/C673/MFC5J3_C673_Mcu_App/01_AsrConfig/output/generated/include/Platform_Types.h"/>
  <File name="D:/Material/3_Project/C673/MFC5J3_C673_Mcu_App/01_AsrConfig/output/generated/include/Rte.h"/>
  <File name="D:/Material/3_Project/C673/MFC5J3_C673_Mcu_App/01_AsrConfig/output/generated/include/Rte_Cfg.h"/>
  <File name="D:/Material/3_Project/C673/MFC5J3_C673_Mcu_App/01_AsrConfig/output/generated/include/Rte_Comco.h"/>
  <File name="D:/Material/3_Project/C673/MFC5J3_C673_Mcu_App/01_AsrConfig/output/generated/include/Rte_Comco_Hook.h"/>
  <File name="D:/Material/3_Project/C673/MFC5J3_C673_Mcu_App/01_AsrConfig/output/generated/include/Rte_Comco_Type.h"/>
  <File name="D:/Material/3_Project/C673/MFC5J3_C673_Mcu_App/01_AsrConfig/output/generated/include/Rte_Components_Shared.h"/>
  <File name="D:/Material/3_Project/C673/MFC5J3_C673_Mcu_App/01_AsrConfig/output/generated/include/Rte_MemMap.h"/>
  <File name="D:/Material/3_Project/C673/MFC5J3_C673_Mcu_App/01_AsrConfig/output/generated/include/Rte_Type.h"/>
  <File name="D:/Material/3_Project/C673/MFC5J3_C673_Mcu_App/01_AsrConfig/output/generated/include/SchM_Nm.h"/>
  <File name="D:/Material/3_Project/C673/MFC5J3_C673_Mcu_App/01_AsrConfig/output/generated/include/SchM_NmType.h"/>
  <File name="D:/Material/3_Project/C673/MFC5J3_C673_Mcu_App/01_AsrConfig/output/generated/include/TSAutosar_Cfg.h"/>
  <File name="D:/Material/3_Project/C673/MFC5J3_C673_Mcu_App/02_SrcAppl/Platform/Compiler_Cfg.h"/>
  <File name="D:/Material/3_Project/C673/MFC5J3_C673_Mcu_App/02_SrcAppl/SysM/ComCo/comcoordinator.c">
    <Entity name="D:/Material/3_Project/C673/MFC5J3_C673_Mcu_App/02_SrcAppl/SysM/ComCo/comcoordinator.c" type="file">
      <Metric name="STBME" value="1.892"/>
      <Metric name="STBMO" value="1.367"/>
      <Metric name="STBMS" value="1.646"/>
      <Metric name="STBUG" value="3"/>
      <Metric name="STCDN" value="0.748"/>
      <Metric name="STDEV" value="24.046"/>
      <Metric name="STDIF" value="13.328"/>
      <Metric name="STECT" value="0"/>
      <Metric name="STEFF" value="144276"/>
      <Metric name="STFCO" value="21"/>
      <Metric name="STFNC" value="14"/>
      <Metric name="STHAL" value="1076"/>
      <Metric name="STM20" value="451"/>
      <Metric name="STM21" value="1009"/>
      <Metric name="STM22" value="97"/>
      <Metric name="STM28" value="76"/>
      <Metric name="STM33" value="55"/>
      <Metric name="STOPN" value="128"/>
      <Metric name="STOPT" value="35"/>
      <Metric name="STSCT" value="7"/>
      <Metric name="STSHN" value="3843"/>
      <Metric name="STTDE" value="3.066"/>
      <Metric name="STTDO" value="2.815"/>
      <Metric name="STTDS" value="2.976"/>
      <Metric name="STTLN" value="277"/>
      <Metric name="STTOT" value="1473"/>
      <Metric name="STTPP" value="585"/>
      <Metric name="STVAR" value="116"/>
      <Metric name="STVOL" value="10825"/>
      <Metric name="STZIP" value="924"/>
    </Entity>
    <Entity name="CanIfTransmit_UserCallout" type="function">
      <Metric name="NPATH" value="2"/>
      <Metric name="STAKI" value="4"/>
      <Metric name="STAV1" value="6.000"/>
      <Metric name="STAV2" value="10.000"/>
      <Metric name="STAV3" value="10.000"/>
      <Metric name="STBAK" value="0"/>
      <Metric name="STCAL" value="1"/>
      <Metric name="STCYC" value="2"/>
      <Metric name="STELF" value="0"/>
      <Metric name="STFDN" value="8"/>
      <Metric name="STFDT" value="12"/>
      <Metric name="STFN1" value="30"/>
      <Metric name="STFN2" value="10"/>
      <Metric name="STGTO" value="0"/>
      <Metric name="STKDN" value="0.000"/>
      <Metric name="STKNT" value="0"/>
      <Metric name="STLCT" value="0"/>
      <Metric name="STLIN" value="11"/>
      <Metric name="STLOP" value="0"/>
      <Metric name="STM07" value="1"/>
      <Metric name="STM19" value="1"/>
      <Metric name="STMCC" value="0 (2:2)"/>
      <Metric name="STMIF" value="1"/>
      <Metric name="STPAR" value="0"/>
      <Metric name="STPBG" value="0"/>
      <Metric name="STPDN" value="0"/>
      <Metric name="STPTH" value="2"/>
      <Metric name="STST1" value="6"/>
      <Metric name="STST2" value="4"/>
      <Metric name="STST3" value="4"/>
      <Metric name="STSUB" value="2"/>
      <Metric name="STUNV" value="0"/>
      <Metric name="STXLN" value="5"/>
    </Entity>
    <Entity name="ComCo_v_PduGroupSwitchRunnable" type="function">
      <Metric name="NPATH" value="17"/>
      <Metric name="STAKI" value="15"/>
      <Metric name="STAV1" value="9.000"/>
      <Metric name="STAV2" value="14.000"/>
      <Metric name="STAV3" value="17.000"/>
      <Metric name="STBAK" value="0"/>
      <Metric name="STCAL" value="3"/>
      <Metric name="STCYC" value="7"/>
      <Metric name="STELF" value="0"/>
      <Metric name="STFDN" value="14"/>
      <Metric name="STFDT" value="14"/>
      <Metric name="STFN1" value="179"/>
      <Metric name="STFN2" value="59"/>
      <Metric name="STGTO" value="0"/>
      <Metric name="STKDN" value="0.000"/>
      <Metric name="STKNT" value="0"/>
      <Metric name="STLCT" value="2"/>
      <Metric name="STLIN" value="51"/>
      <Metric name="STLOP" value="10"/>
      <Metric name="STM07" value="1"/>
      <Metric name="STM19" value="0"/>
      <Metric name="STMCC" value="10 (7:17)"/>
      <Metric name="STMIF" value="5"/>
      <Metric name="STPAR" value="0"/>
      <Metric name="STPBG" value="1"/>
      <Metric name="STPDN" value="0"/>
      <Metric name="STPTH" value="7"/>
      <Metric name="STST1" value="25"/>
      <Metric name="STST2" value="16"/>
      <Metric name="STST3" value="14"/>
      <Metric name="STSUB" value="8"/>
      <Metric name="STUNV" value="0"/>
      <Metric name="STXLN" value="19"/>
    </Entity>
    <Entity name="ComCo_v_PduStateUpdate" type="function">
      <Metric name="NPATH" value="5"/>
      <Metric name="STAKI" value="8"/>
      <Metric name="STAV1" value="6.000"/>
      <Metric name="STAV2" value="9.000"/>
      <Metric name="STAV3" value="9.000"/>
      <Metric name="STBAK" value="0"/>
      <Metric name="STCAL" value="2"/>
      <Metric name="STCYC" value="4"/>
      <Metric name="STELF" value="0"/>
      <Metric name="STFDN" value="6"/>
      <Metric name="STFDT" value="15"/>
      <Metric name="STFN1" value="90"/>
      <Metric name="STFN2" value="19"/>
      <Metric name="STGTO" value="0"/>
      <Metric name="STKDN" value="0.000"/>
      <Metric name="STKNT" value="0"/>
      <Metric name="STLCT" value="0"/>
      <Metric name="STLIN" value="26"/>
      <Metric name="STLOP" value="0"/>
      <Metric name="STM07" value="1"/>
      <Metric name="STM19" value="0"/>
      <Metric name="STMCC" value="0 (4:4)"/>
      <Metric name="STMIF" value="2"/>
      <Metric name="STPAR" value="1"/>
      <Metric name="STPBG" value="1"/>
      <Metric name="STPDN" value="0"/>
      <Metric name="STPTH" value="5"/>
      <Metric name="STST1" value="17"/>
      <Metric name="STST2" value="11"/>
      <Metric name="STST3" value="11"/>
      <Metric name="STSUB" value="4"/>
      <Metric name="STUNV" value="0"/>
      <Metric name="STXLN" value="14"/>
    </Entity>
    <Entity name="Comco_Init" type="function">
      <Metric name="NPATH" value="1"/>
      <Metric name="STAKI" value="1"/>
      <Metric name="STAV1" value="6.000"/>
      <Metric name="STAV2" value="6.000"/>
      <Metric name="STAV3" value="6.000"/>
      <Metric name="STBAK" value="0"/>
      <Metric name="STCAL" value="0"/>
      <Metric name="STCYC" value="1"/>
      <Metric name="STELF" value="0"/>
      <Metric name="STFDN" value="9"/>
      <Metric name="STFDT" value="7"/>
      <Metric name="STFN1" value="24"/>
      <Metric name="STFN2" value="16"/>
      <Metric name="STGTO" value="0"/>
      <Metric name="STKDN" value="0.000"/>
      <Metric name="STKNT" value="0"/>
      <Metric name="STLCT" value="0"/>
      <Metric name="STLIN" value="6"/>
      <Metric name="STLOP" value="0"/>
      <Metric name="STM07" value="1"/>
      <Metric name="STM19" value="0"/>
      <Metric name="STMCC" value="0 (1:1)"/>
      <Metric name="STMIF" value="0"/>
      <Metric name="STPAR" value="0"/>
      <Metric name="STPBG" value="0"/>
      <Metric name="STPDN" value="0"/>
      <Metric name="STPTH" value="1"/>
      <Metric name="STST1" value="6"/>
      <Metric name="STST2" value="6"/>
      <Metric name="STST3" value="6"/>
      <Metric name="STSUB" value="0"/>
      <Metric name="STUNV" value="0"/>
      <Metric name="STXLN" value="6"/>
    </Entity>
    <Entity name="Comco_MainFunction" type="function">
      <Metric name="NPATH" value="2"/>
      <Metric name="STAKI" value="7"/>
      <Metric name="STAV1" value="4.000"/>
      <Metric name="STAV2" value="6.000"/>
      <Metric name="STAV3" value="6.000"/>
      <Metric name="STBAK" value="0"/>
      <Metric name="STCAL" value="5"/>
      <Metric name="STCYC" value="2"/>
      <Metric name="STELF" value="0"/>
      <Metric name="STFDN" value="8"/>
      <Metric name="STFDT" value="9"/>
      <Metric name="STFN1" value="29"/>
      <Metric name="STFN2" value="8"/>
      <Metric name="STGTO" value="0"/>
      <Metric name="STKDN" value="0.000"/>
      <Metric name="STKNT" value="0"/>
      <Metric name="STLCT" value="0"/>
      <Metric name="STLIN" value="10"/>
      <Metric name="STLOP" value="0"/>
      <Metric name="STM07" value="1"/>
      <Metric name="STM19" value="0"/>
      <Metric name="STMCC" value="0 (2:2)"/>
      <Metric name="STMIF" value="1"/>
      <Metric name="STPAR" value="0"/>
      <Metric name="STPBG" value="0"/>
      <Metric name="STPDN" value="0"/>
      <Metric name="STPTH" value="2"/>
      <Metric name="STST1" value="8"/>
      <Metric name="STST2" value="6"/>
      <Metric name="STST3" value="6"/>
      <Metric name="STSUB" value="5"/>
      <Metric name="STUNV" value="0"/>
      <Metric name="STXLN" value="7"/>
    </Entity>
    <Entity name="Comco_u_NMWakupFlag_Read" type="function">
      <Metric name="NPATH" value="2"/>
      <Metric name="STAKI" value="2"/>
      <Metric name="STAV1" value="5.000"/>
      <Metric name="STAV2" value="7.000"/>
      <Metric name="STAV3" value="9.000"/>
      <Metric name="STBAK" value="0"/>
      <Metric name="STCAL" value="0"/>
      <Metric name="STCYC" value="2"/>
      <Metric name="STELF" value="0"/>
      <Metric name="STFDN" value="7"/>
      <Metric name="STFDT" value="12"/>
      <Metric name="STFN1" value="28"/>
      <Metric name="STFN2" value="10"/>
      <Metric name="STGTO" value="0"/>
      <Metric name="STKDN" value="0.000"/>
      <Metric name="STKNT" value="0"/>
      <Metric name="STLCT" value="1"/>
      <Metric name="STLIN" value="12"/>
      <Metric name="STLOP" value="0"/>
      <Metric name="STM07" value="1"/>
      <Metric name="STM19" value="1"/>
      <Metric name="STMCC" value="0 (2:2)"/>
      <Metric name="STMIF" value="1"/>
      <Metric name="STPAR" value="1"/>
      <Metric name="STPBG" value="0"/>
      <Metric name="STPDN" value="0"/>
      <Metric name="STPTH" value="2"/>
      <Metric name="STST1" value="7"/>
      <Metric name="STST2" value="5"/>
      <Metric name="STST3" value="4"/>
      <Metric name="STSUB" value="0"/>
      <Metric name="STUNV" value="0"/>
      <Metric name="STXLN" value="6"/>
    </Entity>
    <Entity name="Comco_u_nmCurrentState_Read" type="function">
      <Metric name="NPATH" value="1"/>
      <Metric name="STAKI" value="1"/>
      <Metric name="STAV1" value="6.000"/>
      <Metric name="STAV2" value="6.000"/>
      <Metric name="STAV3" value="9.000"/>
      <Metric name="STBAK" value="0"/>
      <Metric name="STCAL" value="0"/>
      <Metric name="STCYC" value="1"/>
      <Metric name="STELF" value="0"/>
      <Metric name="STFDN" value="6"/>
      <Metric name="STFDT" value="9"/>
      <Metric name="STFN1" value="12"/>
      <Metric name="STFN2" value="7"/>
      <Metric name="STGTO" value="0"/>
      <Metric name="STKDN" value="0.000"/>
      <Metric name="STKNT" value="0"/>
      <Metric name="STLCT" value="1"/>
      <Metric name="STLIN" value="5"/>
      <Metric name="STLOP" value="0"/>
      <Metric name="STM07" value="1"/>
      <Metric name="STM19" value="1"/>
      <Metric name="STMCC" value="0 (1:1)"/>
      <Metric name="STMIF" value="0"/>
      <Metric name="STPAR" value="1"/>
      <Metric name="STPBG" value="0"/>
      <Metric name="STPDN" value="0"/>
      <Metric name="STPTH" value="1"/>
      <Metric name="STST1" value="3"/>
      <Metric name="STST2" value="3"/>
      <Metric name="STST3" value="2"/>
      <Metric name="STSUB" value="0"/>
      <Metric name="STUNV" value="0"/>
      <Metric name="STXLN" value="3"/>
    </Entity>
    <Entity name="Comco_u_nmPreviousState_Read" type="function">
      <Metric name="NPATH" value="1"/>
      <Metric name="STAKI" value="1"/>
      <Metric name="STAV1" value="6.000"/>
      <Metric name="STAV2" value="6.000"/>
      <Metric name="STAV3" value="9.000"/>
      <Metric name="STBAK" value="0"/>
      <Metric name="STCAL" value="0"/>
      <Metric name="STCYC" value="1"/>
      <Metric name="STELF" value="0"/>
      <Metric name="STFDN" value="6"/>
      <Metric name="STFDT" value="9"/>
      <Metric name="STFN1" value="12"/>
      <Metric name="STFN2" value="7"/>
      <Metric name="STGTO" value="0"/>
      <Metric name="STKDN" value="0.000"/>
      <Metric name="STKNT" value="0"/>
      <Metric name="STLCT" value="1"/>
      <Metric name="STLIN" value="5"/>
      <Metric name="STLOP" value="0"/>
      <Metric name="STM07" value="1"/>
      <Metric name="STM19" value="1"/>
      <Metric name="STMCC" value="0 (1:1)"/>
      <Metric name="STMIF" value="0"/>
      <Metric name="STPAR" value="1"/>
      <Metric name="STPBG" value="0"/>
      <Metric name="STPDN" value="0"/>
      <Metric name="STPTH" value="1"/>
      <Metric name="STST1" value="3"/>
      <Metric name="STST2" value="3"/>
      <Metric name="STST3" value="2"/>
      <Metric name="STSUB" value="0"/>
      <Metric name="STUNV" value="0"/>
      <Metric name="STXLN" value="3"/>
    </Entity>
    <Entity name="Comco_v_CheckforKeepAwakeStatus" type="function">
      <Metric name="NPATH" value="54"/>
      <Metric name="STAKI" value="18"/>
      <Metric name="STAV1" value="7.000"/>
      <Metric name="STAV2" value="10.000"/>
      <Metric name="STAV3" value="13.000"/>
      <Metric name="STBAK" value="0"/>
      <Metric name="STCAL" value="5"/>
      <Metric name="STCYC" value="8"/>
      <Metric name="STELF" value="0"/>
      <Metric name="STFDN" value="28"/>
      <Metric name="STFDT" value="19"/>
      <Metric name="STFN1" value="199"/>
      <Metric name="STFN2" value="72"/>
      <Metric name="STGTO" value="0"/>
      <Metric name="STKDN" value="0.000"/>
      <Metric name="STKNT" value="0"/>
      <Metric name="STLCT" value="5"/>
      <Metric name="STLIN" value="64"/>
      <Metric name="STLOP" value="4"/>
      <Metric name="STM07" value="1"/>
      <Metric name="STM19" value="0"/>
      <Metric name="STMCC" value="4 (8:12)"/>
      <Metric name="STMIF" value="3"/>
      <Metric name="STPAR" value="0"/>
      <Metric name="STPBG" value="1"/>
      <Metric name="STPDN" value="1"/>
      <Metric name="STPTH" value="24"/>
      <Metric name="STST1" value="36"/>
      <Metric name="STST2" value="25"/>
      <Metric name="STST3" value="20"/>
      <Metric name="STSUB" value="10"/>
      <Metric name="STUNV" value="0"/>
      <Metric name="STXLN" value="29"/>
    </Entity>
    <Entity name="Comco_v_CheckforRXspecificNMPDU" type="function">
      <Metric name="NPATH" value="3"/>
      <Metric name="STAKI" value="5"/>
      <Metric name="STAV1" value="6.000"/>
      <Metric name="STAV2" value="10.000"/>
      <Metric name="STAV3" value="12.000"/>
      <Metric name="STBAK" value="0"/>
      <Metric name="STCAL" value="1"/>
      <Metric name="STCYC" value="3"/>
      <Metric name="STELF" value="0"/>
      <Metric name="STFDN" value="8"/>
      <Metric name="STFDT" value="14"/>
      <Metric name="STFN1" value="45"/>
      <Metric name="STFN2" value="15"/>
      <Metric name="STGTO" value="0"/>
      <Metric name="STKDN" value="0.000"/>
      <Metric name="STKNT" value="0"/>
      <Metric name="STLCT" value="1"/>
      <Metric name="STLIN" value="15"/>
      <Metric name="STLOP" value="0"/>
      <Metric name="STM07" value="1"/>
      <Metric name="STM19" value="0"/>
      <Metric name="STMCC" value="0 (3:3)"/>
      <Metric name="STMIF" value="2"/>
      <Metric name="STPAR" value="0"/>
      <Metric name="STPBG" value="0"/>
      <Metric name="STPDN" value="0"/>
      <Metric name="STPTH" value="3"/>
      <Metric name="STST1" value="9"/>
      <Metric name="STST2" value="6"/>
      <Metric name="STST3" value="5"/>
      <Metric name="STSUB" value="2"/>
      <Metric name="STUNV" value="0"/>
      <Metric name="STXLN" value="7"/>
    </Entity>
    <Entity name="Comco_v_CheckforWakeUpStatus" type="function">
      <Metric name="NPATH" value="4"/>
      <Metric name="STAKI" value="3"/>
      <Metric name="STAV1" value="9.000"/>
      <Metric name="STAV2" value="12.000"/>
      <Metric name="STAV3" value="16.000"/>
      <Metric name="STBAK" value="0"/>
      <Metric name="STCAL" value="1"/>
      <Metric name="STCYC" value="2"/>
      <Metric name="STELF" value="0"/>
      <Metric name="STFDN" value="8"/>
      <Metric name="STFDT" value="15"/>
      <Metric name="STFN1" value="36"/>
      <Metric name="STFN2" value="13"/>
      <Metric name="STGTO" value="0"/>
      <Metric name="STKDN" value="0.000"/>
      <Metric name="STKNT" value="0"/>
      <Metric name="STLCT" value="1"/>
      <Metric name="STLIN" value="9"/>
      <Metric name="STLOP" value="2"/>
      <Metric name="STM07" value="1"/>
      <Metric name="STM19" value="0"/>
      <Metric name="STMCC" value="2 (2:4)"/>
      <Metric name="STMIF" value="1"/>
      <Metric name="STPAR" value="0"/>
      <Metric name="STPBG" value="0"/>
      <Metric name="STPDN" value="0"/>
      <Metric name="STPTH" value="2"/>
      <Metric name="STST1" value="5"/>
      <Metric name="STST2" value="4"/>
      <Metric name="STST3" value="3"/>
      <Metric name="STSUB" value="1"/>
      <Metric name="STUNV" value="0"/>
      <Metric name="STXLN" value="4"/>
    </Entity>
    <Entity name="Comco_v_Update_NMState_PDU" type="function">
      <Metric name="NPATH" value="1"/>
      <Metric name="STAKI" value="1"/>
      <Metric name="STAV1" value="0.000"/>
      <Metric name="STAV2" value="0.000"/>
      <Metric name="STAV3" value="0.000"/>
      <Metric name="STBAK" value="0"/>
      <Metric name="STCAL" value="0"/>
      <Metric name="STCYC" value="1"/>
      <Metric name="STELF" value="0"/>
      <Metric name="STFDN" value="0"/>
      <Metric name="STFDT" value="2"/>
      <Metric name="STFN1" value="2"/>
      <Metric name="STFN2" value="0"/>
      <Metric name="STGTO" value="0"/>
      <Metric name="STKDN" value="0.000"/>
      <Metric name="STKNT" value="0"/>
      <Metric name="STLCT" value="0"/>
      <Metric name="STLIN" value="1"/>
      <Metric name="STLOP" value="0"/>
      <Metric name="STM07" value="1"/>
      <Metric name="STM19" value="0"/>
      <Metric name="STMCC" value="0 (1:1)"/>
      <Metric name="STMIF" value="0"/>
      <Metric name="STPAR" value="0"/>
      <Metric name="STPBG" value="0"/>
      <Metric name="STPDN" value="0"/>
      <Metric name="STPTH" value="1"/>
      <Metric name="STST1" value="0"/>
      <Metric name="STST2" value="0"/>
      <Metric name="STST3" value="0"/>
      <Metric name="STSUB" value="0"/>
      <Metric name="STUNV" value="0"/>
      <Metric name="STXLN" value="0"/>
    </Entity>
    <Entity name="Nm_PduRxIndication" type="function">
      <Metric name="NPATH" value="2"/>
      <Metric name="STAKI" value="4"/>
      <Metric name="STAV1" value="6.000"/>
      <Metric name="STAV2" value="6.000"/>
      <Metric name="STAV3" value="8.000"/>
      <Metric name="STBAK" value="0"/>
      <Metric name="STCAL" value="2"/>
      <Metric name="STCYC" value="2"/>
      <Metric name="STELF" value="0"/>
      <Metric name="STFDN" value="7"/>
      <Metric name="STFDT" value="10"/>
      <Metric name="STFN1" value="37"/>
      <Metric name="STFN2" value="11"/>
      <Metric name="STGTO" value="0"/>
      <Metric name="STKDN" value="0.000"/>
      <Metric name="STKNT" value="0"/>
      <Metric name="STLCT" value="1"/>
      <Metric name="STLIN" value="13"/>
      <Metric name="STLOP" value="0"/>
      <Metric name="STM07" value="1"/>
      <Metric name="STM19" value="0"/>
      <Metric name="STMCC" value="0 (2:2)"/>
      <Metric name="STMIF" value="1"/>
      <Metric name="STPAR" value="1"/>
      <Metric name="STPBG" value="0"/>
      <Metric name="STPDN" value="0"/>
      <Metric name="STPTH" value="2"/>
      <Metric name="STST1" value="8"/>
      <Metric name="STST2" value="7"/>
      <Metric name="STST3" value="6"/>
      <Metric name="STSUB" value="2"/>
      <Metric name="STUNV" value="0"/>
      <Metric name="STXLN" value="7"/>
    </Entity>
    <Entity name="Nm_StateChangeNotificationCallout" type="function">
      <Metric name="NPATH" value="8"/>
      <Metric name="STAKI" value="8"/>
      <Metric name="STAV1" value="3.000"/>
      <Metric name="STAV2" value="5.000"/>
      <Metric name="STAV3" value="5.000"/>
      <Metric name="STBAK" value="0"/>
      <Metric name="STCAL" value="0"/>
      <Metric name="STCYC" value="8"/>
      <Metric name="STELF" value="0"/>
      <Metric name="STFDN" value="14"/>
      <Metric name="STFDT" value="14"/>
      <Metric name="STFN1" value="79"/>
      <Metric name="STFN2" value="32"/>
      <Metric name="STGTO" value="0"/>
      <Metric name="STKDN" value="0.000"/>
      <Metric name="STKNT" value="0"/>
      <Metric name="STLCT" value="0"/>
      <Metric name="STLIN" value="36"/>
      <Metric name="STLOP" value="0"/>
      <Metric name="STM07" value="1"/>
      <Metric name="STM19" value="0"/>
      <Metric name="STMCC" value="0 (8:8)"/>
      <Metric name="STMIF" value="2"/>
      <Metric name="STPAR" value="3"/>
      <Metric name="STPBG" value="1"/>
      <Metric name="STPDN" value="0"/>
      <Metric name="STPTH" value="8"/>
      <Metric name="STST1" value="29"/>
      <Metric name="STST2" value="19"/>
      <Metric name="STST3" value="19"/>
      <Metric name="STSUB" value="0"/>
      <Metric name="STUNV" value="0"/>
      <Metric name="STXLN" value="27"/>
    </Entity>
  </File>
  <File name="D:/Material/3_Project/C673/MFC5J3_C673_Mcu_App/02_SrcAppl/SysM/ComCo/comcoordinator.h"/>
</Metrics>
