<?xml version='1.0' encoding='UTF-8'?>
<Metrics>
  <!--This report was generated using Helix QAC and is the Intellectual Property of Programming Research Limited.-->
  <File name="D:/Material/3_Project/C673/MFC5J3_C673_Mcu_App/00_AsrStack/plugins/Atomics_TS_TxDxM1I0R0/include/Atomics_TSPlatforms.h"/>
  <File name="D:/Material/3_Project/C673/MFC5J3_C673_Mcu_App/00_AsrStack/plugins/Atomics_TS_TxDxM1I0R0/include/Atomics_platform_types.h"/>
  <File name="D:/Material/3_Project/C673/MFC5J3_C673_Mcu_App/00_AsrStack/plugins/Base_TS_TxDxM5I1R0/include/Can_GeneralTypes.h"/>
  <File name="D:/Material/3_Project/C673/MFC5J3_C673_Mcu_App/00_AsrStack/plugins/Base_TS_TxDxM5I1R0/include/ComStack_Types.h"/>
  <File name="D:/Material/3_Project/C673/MFC5J3_C673_Mcu_App/00_AsrStack/plugins/Base_TS_TxDxM5I1R0/include/Compiler_Common.h"/>
  <File name="D:/Material/3_Project/C673/MFC5J3_C673_Mcu_App/00_AsrStack/plugins/Base_TS_TxDxM5I1R0/include/Std_Types.h"/>
  <File name="D:/Material/3_Project/C673/MFC5J3_C673_Mcu_App/00_AsrStack/plugins/Base_TS_TxDxM5I1R0/include/TSAutosar.h"/>
  <File name="D:/Material/3_Project/C673/MFC5J3_C673_Mcu_App/00_AsrStack/plugins/Base_TS_TxDxM5I1R0/include/TSCompiler_Default.h"/>
  <File name="D:/Material/3_Project/C673/MFC5J3_C673_Mcu_App/00_AsrStack/plugins/Base_TS_TxDxM5I1R0/include/TSMem.h"/>
  <File name="D:/Material/3_Project/C673/MFC5J3_C673_Mcu_App/00_AsrStack/plugins/Compiler_TS_TxDxM1I0R0/include/Compiler.h"/>
  <File name="D:/Material/3_Project/C673/MFC5J3_C673_Mcu_App/00_AsrStack/plugins/Compiler_TS_TxDxM1I0R0/include/TRICORE/tasking/Compiler_Specific.h"/>
  <File name="D:/Material/3_Project/C673/MFC5J3_C673_Mcu_App/00_AsrStack/plugins/Compiler_TS_TxDxM1I0R0/include/TSCompiler.h"/>
  <File name="D:/Material/3_Project/C673/MFC5J3_C673_Mcu_App/00_AsrStack/plugins/Platforms_TS_T16DxM4I0R0/include/Platforms_TSPlatforms.h"/>
  <File name="D:/Material/3_Project/C673/MFC5J3_C673_Mcu_App/00_AsrStack/plugins/Rte_TS_TxDxM6I6R0/include/Rte_Version.h"/>
  <File name="D:/Material/3_Project/C673/MFC5J3_C673_Mcu_App/01_AsrConfig/output/generated/include/Atomics_MemMap.h"/>
  <File name="D:/Material/3_Project/C673/MFC5J3_C673_Mcu_App/01_AsrConfig/output/generated/include/Base_MemMap.h"/>
  <File name="D:/Material/3_Project/C673/MFC5J3_C673_Mcu_App/01_AsrConfig/output/generated/include/Can_GeneralTypes_Cfg.h"/>
  <File name="D:/Material/3_Project/C673/MFC5J3_C673_Mcu_App/01_AsrConfig/output/generated/include/ComStack_Cfg.h"/>
  <File name="D:/Material/3_Project/C673/MFC5J3_C673_Mcu_App/01_AsrConfig/output/generated/include/Compiler_CfgExtMcal.h"/>
  <File name="D:/Material/3_Project/C673/MFC5J3_C673_Mcu_App/01_AsrConfig/output/generated/include/Compiler_CfgInt.h"/>
  <File name="D:/Material/3_Project/C673/MFC5J3_C673_Mcu_App/01_AsrConfig/output/generated/include/Platform_Types.h"/>
  <File name="D:/Material/3_Project/C673/MFC5J3_C673_Mcu_App/01_AsrConfig/output/generated/include/Rte.h"/>
  <File name="D:/Material/3_Project/C673/MFC5J3_C673_Mcu_App/01_AsrConfig/output/generated/include/Rte_Cfg.h"/>
  <File name="D:/Material/3_Project/C673/MFC5J3_C673_Mcu_App/01_AsrConfig/output/generated/include/Rte_Components_Shared.h"/>
  <File name="D:/Material/3_Project/C673/MFC5J3_C673_Mcu_App/01_AsrConfig/output/generated/include/Rte_MemMap.h"/>
  <File name="D:/Material/3_Project/C673/MFC5J3_C673_Mcu_App/01_AsrConfig/output/generated/include/Rte_Type.h"/>
  <File name="D:/Material/3_Project/C673/MFC5J3_C673_Mcu_App/01_AsrConfig/output/generated/include/Rte_VoltMonI.h"/>
  <File name="D:/Material/3_Project/C673/MFC5J3_C673_Mcu_App/01_AsrConfig/output/generated/include/Rte_VoltMonI_Hook.h"/>
  <File name="D:/Material/3_Project/C673/MFC5J3_C673_Mcu_App/01_AsrConfig/output/generated/include/Rte_VoltMonI_Type.h"/>
  <File name="D:/Material/3_Project/C673/MFC5J3_C673_Mcu_App/01_AsrConfig/output/generated/include/TSAutosar_Cfg.h"/>
  <File name="D:/Material/3_Project/C673/MFC5J3_C673_Mcu_App/01_AsrConfig/output/generated/include/VoltMonI_MemMap.h"/>
  <File name="D:/Material/3_Project/C673/MFC5J3_C673_Mcu_App/02_SrcAppl/Platform/Compiler_Cfg.h"/>
  <File name="D:/Material/3_Project/C673/MFC5J3_C673_Mcu_App/02_SrcAppl/SysM/Esm/Esm.h"/>
  <File name="D:/Material/3_Project/C673/MFC5J3_C673_Mcu_App/02_SrcAppl/SysM/VoltMonI/VoltageMonitor.c">
    <Entity name="D:/Material/3_Project/C673/MFC5J3_C673_Mcu_App/02_SrcAppl/SysM/VoltMonI/VoltageMonitor.c" type="file">
      <Metric name="STBME" value="2.879"/>
      <Metric name="STBMO" value="1.974"/>
      <Metric name="STBMS" value="2.435"/>
      <Metric name="STBUG" value="5"/>
      <Metric name="STCDN" value="0.446"/>
      <Metric name="STDEV" value="65.497"/>
      <Metric name="STDIF" value="25.589"/>
      <Metric name="STECT" value="1"/>
      <Metric name="STEFF" value="392985"/>
      <Metric name="STFCO" value="3"/>
      <Metric name="STFNC" value="19"/>
      <Metric name="STHAL" value="1020"/>
      <Metric name="STM20" value="749"/>
      <Metric name="STM21" value="1344"/>
      <Metric name="STM22" value="162"/>
      <Metric name="STM28" value="62"/>
      <Metric name="STM33" value="33"/>
      <Metric name="STOPN" value="123"/>
      <Metric name="STOPT" value="33"/>
      <Metric name="STSCT" value="13"/>
      <Metric name="STSHN" value="3628"/>
      <Metric name="STTDE" value="3.507"/>
      <Metric name="STTDO" value="3.237"/>
      <Metric name="STTDS" value="3.414"/>
      <Metric name="STTLN" value="397"/>
      <Metric name="STTOT" value="2108"/>
      <Metric name="STTPP" value="830"/>
      <Metric name="STVAR" value="90"/>
      <Metric name="STVOL" value="15358"/>
      <Metric name="STZIP" value="878"/>
    </Entity>
    <Entity name="VoltMonI_InitFunction" type="function">
      <Metric name="NPATH" value="1"/>
      <Metric name="STAKI" value="1"/>
      <Metric name="STAV1" value="11.000"/>
      <Metric name="STAV2" value="11.000"/>
      <Metric name="STAV3" value="11.000"/>
      <Metric name="STBAK" value="0"/>
      <Metric name="STCAL" value="0"/>
      <Metric name="STCYC" value="1"/>
      <Metric name="STELF" value="0"/>
      <Metric name="STFDN" value="25"/>
      <Metric name="STFDT" value="9"/>
      <Metric name="STFN1" value="123"/>
      <Metric name="STFN2" value="97"/>
      <Metric name="STGTO" value="0"/>
      <Metric name="STKDN" value="0.000"/>
      <Metric name="STKNT" value="0"/>
      <Metric name="STLCT" value="0"/>
      <Metric name="STLIN" value="25"/>
      <Metric name="STLOP" value="0"/>
      <Metric name="STM07" value="1"/>
      <Metric name="STM19" value="0"/>
      <Metric name="STMCC" value="0 (1:1)"/>
      <Metric name="STMIF" value="0"/>
      <Metric name="STPAR" value="0"/>
      <Metric name="STPBG" value="0"/>
      <Metric name="STPDN" value="0"/>
      <Metric name="STPTH" value="1"/>
      <Metric name="STST1" value="20"/>
      <Metric name="STST2" value="20"/>
      <Metric name="STST3" value="20"/>
      <Metric name="STSUB" value="0"/>
      <Metric name="STUNV" value="0"/>
      <Metric name="STXLN" value="20"/>
    </Entity>
    <Entity name="VoltMonI_MainFunction" type="function">
      <Metric name="NPATH" value="3"/>
      <Metric name="STAKI" value="6"/>
      <Metric name="STAV1" value="7.000"/>
      <Metric name="STAV2" value="9.000"/>
      <Metric name="STAV3" value="11.000"/>
      <Metric name="STBAK" value="0"/>
      <Metric name="STCAL" value="1"/>
      <Metric name="STCYC" value="2"/>
      <Metric name="STELF" value="0"/>
      <Metric name="STFDN" value="8"/>
      <Metric name="STFDT" value="12"/>
      <Metric name="STFN1" value="45"/>
      <Metric name="STFN2" value="14"/>
      <Metric name="STGTO" value="0"/>
      <Metric name="STKDN" value="0.000"/>
      <Metric name="STKNT" value="0"/>
      <Metric name="STLCT" value="1"/>
      <Metric name="STLIN" value="16"/>
      <Metric name="STLOP" value="1"/>
      <Metric name="STM07" value="1"/>
      <Metric name="STM19" value="0"/>
      <Metric name="STMCC" value="1 (2:3)"/>
      <Metric name="STMIF" value="1"/>
      <Metric name="STPAR" value="0"/>
      <Metric name="STPBG" value="0"/>
      <Metric name="STPDN" value="0"/>
      <Metric name="STPTH" value="2"/>
      <Metric name="STST1" value="8"/>
      <Metric name="STST2" value="6"/>
      <Metric name="STST3" value="5"/>
      <Metric name="STSUB" value="4"/>
      <Metric name="STUNV" value="0"/>
      <Metric name="STXLN" value="7"/>
    </Entity>
    <Entity name="VoltMonI_u_GetAction_DisableECU" type="function">
      <Metric name="NPATH" value="1"/>
      <Metric name="STAKI" value="1"/>
      <Metric name="STAV1" value="11.000"/>
      <Metric name="STAV2" value="11.000"/>
      <Metric name="STAV3" value="11.000"/>
      <Metric name="STBAK" value="0"/>
      <Metric name="STCAL" value="0"/>
      <Metric name="STCYC" value="1"/>
      <Metric name="STELF" value="0"/>
      <Metric name="STFDN" value="3"/>
      <Metric name="STFDT" value="7"/>
      <Metric name="STFN1" value="8"/>
      <Metric name="STFN2" value="3"/>
      <Metric name="STGTO" value="0"/>
      <Metric name="STKDN" value="0.000"/>
      <Metric name="STKNT" value="0"/>
      <Metric name="STLCT" value="0"/>
      <Metric name="STLIN" value="1"/>
      <Metric name="STLOP" value="0"/>
      <Metric name="STM07" value="1"/>
      <Metric name="STM19" value="1"/>
      <Metric name="STMCC" value="0 (1:1)"/>
      <Metric name="STMIF" value="0"/>
      <Metric name="STPAR" value="0"/>
      <Metric name="STPBG" value="0"/>
      <Metric name="STPDN" value="1"/>
      <Metric name="STPTH" value="1"/>
      <Metric name="STST1" value="1"/>
      <Metric name="STST2" value="1"/>
      <Metric name="STST3" value="1"/>
      <Metric name="STSUB" value="0"/>
      <Metric name="STUNV" value="0"/>
      <Metric name="STXLN" value="1"/>
    </Entity>
    <Entity name="VoltMonI_u_GetAction_DisableSoc" type="function">
      <Metric name="NPATH" value="1"/>
      <Metric name="STAKI" value="1"/>
      <Metric name="STAV1" value="11.000"/>
      <Metric name="STAV2" value="11.000"/>
      <Metric name="STAV3" value="11.000"/>
      <Metric name="STBAK" value="0"/>
      <Metric name="STCAL" value="0"/>
      <Metric name="STCYC" value="1"/>
      <Metric name="STELF" value="0"/>
      <Metric name="STFDN" value="3"/>
      <Metric name="STFDT" value="7"/>
      <Metric name="STFN1" value="8"/>
      <Metric name="STFN2" value="3"/>
      <Metric name="STGTO" value="0"/>
      <Metric name="STKDN" value="0.000"/>
      <Metric name="STKNT" value="0"/>
      <Metric name="STLCT" value="0"/>
      <Metric name="STLIN" value="1"/>
      <Metric name="STLOP" value="0"/>
      <Metric name="STM07" value="1"/>
      <Metric name="STM19" value="1"/>
      <Metric name="STMCC" value="0 (1:1)"/>
      <Metric name="STMIF" value="0"/>
      <Metric name="STPAR" value="0"/>
      <Metric name="STPBG" value="0"/>
      <Metric name="STPDN" value="1"/>
      <Metric name="STPTH" value="1"/>
      <Metric name="STST1" value="1"/>
      <Metric name="STST2" value="1"/>
      <Metric name="STST3" value="1"/>
      <Metric name="STSUB" value="0"/>
      <Metric name="STUNV" value="0"/>
      <Metric name="STXLN" value="1"/>
    </Entity>
    <Entity name="VoltMonI_u_GetAction_Disablecommunication" type="function">
      <Metric name="NPATH" value="1"/>
      <Metric name="STAKI" value="1"/>
      <Metric name="STAV1" value="11.000"/>
      <Metric name="STAV2" value="11.000"/>
      <Metric name="STAV3" value="11.000"/>
      <Metric name="STBAK" value="0"/>
      <Metric name="STCAL" value="0"/>
      <Metric name="STCYC" value="1"/>
      <Metric name="STELF" value="0"/>
      <Metric name="STFDN" value="3"/>
      <Metric name="STFDT" value="7"/>
      <Metric name="STFN1" value="8"/>
      <Metric name="STFN2" value="3"/>
      <Metric name="STGTO" value="0"/>
      <Metric name="STKDN" value="0.000"/>
      <Metric name="STKNT" value="0"/>
      <Metric name="STLCT" value="0"/>
      <Metric name="STLIN" value="1"/>
      <Metric name="STLOP" value="0"/>
      <Metric name="STM07" value="1"/>
      <Metric name="STM19" value="1"/>
      <Metric name="STMCC" value="0 (1:1)"/>
      <Metric name="STMIF" value="0"/>
      <Metric name="STPAR" value="0"/>
      <Metric name="STPBG" value="0"/>
      <Metric name="STPDN" value="1"/>
      <Metric name="STPTH" value="1"/>
      <Metric name="STST1" value="1"/>
      <Metric name="STST2" value="1"/>
      <Metric name="STST3" value="1"/>
      <Metric name="STSUB" value="0"/>
      <Metric name="STUNV" value="0"/>
      <Metric name="STXLN" value="1"/>
    </Entity>
    <Entity name="VoltMonI_u_GetCurrentVoltageState" type="function">
      <Metric name="NPATH" value="1"/>
      <Metric name="STAKI" value="1"/>
      <Metric name="STAV1" value="9.000"/>
      <Metric name="STAV2" value="9.000"/>
      <Metric name="STAV3" value="9.000"/>
      <Metric name="STBAK" value="0"/>
      <Metric name="STCAL" value="0"/>
      <Metric name="STCYC" value="1"/>
      <Metric name="STELF" value="0"/>
      <Metric name="STFDN" value="2"/>
      <Metric name="STFDT" value="7"/>
      <Metric name="STFN1" value="7"/>
      <Metric name="STFN2" value="2"/>
      <Metric name="STGTO" value="0"/>
      <Metric name="STKDN" value="0.000"/>
      <Metric name="STKNT" value="0"/>
      <Metric name="STLCT" value="0"/>
      <Metric name="STLIN" value="1"/>
      <Metric name="STLOP" value="0"/>
      <Metric name="STM07" value="1"/>
      <Metric name="STM19" value="1"/>
      <Metric name="STMCC" value="0 (1:1)"/>
      <Metric name="STMIF" value="0"/>
      <Metric name="STPAR" value="0"/>
      <Metric name="STPBG" value="0"/>
      <Metric name="STPDN" value="1"/>
      <Metric name="STPTH" value="1"/>
      <Metric name="STST1" value="1"/>
      <Metric name="STST2" value="1"/>
      <Metric name="STST3" value="1"/>
      <Metric name="STSUB" value="0"/>
      <Metric name="STUNV" value="0"/>
      <Metric name="STXLN" value="1"/>
    </Entity>
    <Entity name="VoltMonI_u_SetAction_DisableECU" type="function">
      <Metric name="NPATH" value="1"/>
      <Metric name="STAKI" value="1"/>
      <Metric name="STAV1" value="5.000"/>
      <Metric name="STAV2" value="5.000"/>
      <Metric name="STAV3" value="8.000"/>
      <Metric name="STBAK" value="0"/>
      <Metric name="STCAL" value="0"/>
      <Metric name="STCYC" value="1"/>
      <Metric name="STELF" value="0"/>
      <Metric name="STFDN" value="6"/>
      <Metric name="STFDT" value="6"/>
      <Metric name="STFN1" value="10"/>
      <Metric name="STFN2" value="7"/>
      <Metric name="STGTO" value="0"/>
      <Metric name="STKDN" value="0.000"/>
      <Metric name="STKNT" value="0"/>
      <Metric name="STLCT" value="1"/>
      <Metric name="STLIN" value="5"/>
      <Metric name="STLOP" value="0"/>
      <Metric name="STM07" value="1"/>
      <Metric name="STM19" value="1"/>
      <Metric name="STMCC" value="0 (1:1)"/>
      <Metric name="STMIF" value="0"/>
      <Metric name="STPAR" value="1"/>
      <Metric name="STPBG" value="0"/>
      <Metric name="STPDN" value="0"/>
      <Metric name="STPTH" value="1"/>
      <Metric name="STST1" value="3"/>
      <Metric name="STST2" value="3"/>
      <Metric name="STST3" value="2"/>
      <Metric name="STSUB" value="0"/>
      <Metric name="STUNV" value="0"/>
      <Metric name="STXLN" value="3"/>
    </Entity>
    <Entity name="VoltMonI_u_SetAction_DisableSoc" type="function">
      <Metric name="NPATH" value="1"/>
      <Metric name="STAKI" value="1"/>
      <Metric name="STAV1" value="5.000"/>
      <Metric name="STAV2" value="5.000"/>
      <Metric name="STAV3" value="8.000"/>
      <Metric name="STBAK" value="0"/>
      <Metric name="STCAL" value="0"/>
      <Metric name="STCYC" value="1"/>
      <Metric name="STELF" value="0"/>
      <Metric name="STFDN" value="6"/>
      <Metric name="STFDT" value="6"/>
      <Metric name="STFN1" value="10"/>
      <Metric name="STFN2" value="7"/>
      <Metric name="STGTO" value="0"/>
      <Metric name="STKDN" value="0.000"/>
      <Metric name="STKNT" value="0"/>
      <Metric name="STLCT" value="1"/>
      <Metric name="STLIN" value="5"/>
      <Metric name="STLOP" value="0"/>
      <Metric name="STM07" value="1"/>
      <Metric name="STM19" value="1"/>
      <Metric name="STMCC" value="0 (1:1)"/>
      <Metric name="STMIF" value="0"/>
      <Metric name="STPAR" value="1"/>
      <Metric name="STPBG" value="0"/>
      <Metric name="STPDN" value="0"/>
      <Metric name="STPTH" value="1"/>
      <Metric name="STST1" value="3"/>
      <Metric name="STST2" value="3"/>
      <Metric name="STST3" value="2"/>
      <Metric name="STSUB" value="0"/>
      <Metric name="STUNV" value="0"/>
      <Metric name="STXLN" value="3"/>
    </Entity>
    <Entity name="VoltMonI_u_SetAction_Disablecommunication" type="function">
      <Metric name="NPATH" value="1"/>
      <Metric name="STAKI" value="1"/>
      <Metric name="STAV1" value="5.000"/>
      <Metric name="STAV2" value="5.000"/>
      <Metric name="STAV3" value="8.000"/>
      <Metric name="STBAK" value="0"/>
      <Metric name="STCAL" value="0"/>
      <Metric name="STCYC" value="1"/>
      <Metric name="STELF" value="0"/>
      <Metric name="STFDN" value="6"/>
      <Metric name="STFDT" value="6"/>
      <Metric name="STFN1" value="10"/>
      <Metric name="STFN2" value="7"/>
      <Metric name="STGTO" value="0"/>
      <Metric name="STKDN" value="0.000"/>
      <Metric name="STKNT" value="0"/>
      <Metric name="STLCT" value="1"/>
      <Metric name="STLIN" value="5"/>
      <Metric name="STLOP" value="0"/>
      <Metric name="STM07" value="1"/>
      <Metric name="STM19" value="1"/>
      <Metric name="STMCC" value="0 (1:1)"/>
      <Metric name="STMIF" value="0"/>
      <Metric name="STPAR" value="1"/>
      <Metric name="STPBG" value="0"/>
      <Metric name="STPDN" value="0"/>
      <Metric name="STPTH" value="1"/>
      <Metric name="STST1" value="3"/>
      <Metric name="STST2" value="3"/>
      <Metric name="STST3" value="2"/>
      <Metric name="STSUB" value="0"/>
      <Metric name="STUNV" value="0"/>
      <Metric name="STXLN" value="3"/>
    </Entity>
    <Entity name="VoltMonI_u_SetInputVoltage" type="function">
      <Metric name="NPATH" value="1"/>
      <Metric name="STAKI" value="1"/>
      <Metric name="STAV1" value="5.000"/>
      <Metric name="STAV2" value="5.000"/>
      <Metric name="STAV3" value="7.000"/>
      <Metric name="STBAK" value="0"/>
      <Metric name="STCAL" value="0"/>
      <Metric name="STCYC" value="1"/>
      <Metric name="STELF" value="0"/>
      <Metric name="STFDN" value="5"/>
      <Metric name="STFDT" value="6"/>
      <Metric name="STFN1" value="9"/>
      <Metric name="STFN2" value="6"/>
      <Metric name="STGTO" value="0"/>
      <Metric name="STKDN" value="0.000"/>
      <Metric name="STKNT" value="0"/>
      <Metric name="STLCT" value="1"/>
      <Metric name="STLIN" value="5"/>
      <Metric name="STLOP" value="0"/>
      <Metric name="STM07" value="1"/>
      <Metric name="STM19" value="1"/>
      <Metric name="STMCC" value="0 (1:1)"/>
      <Metric name="STMIF" value="0"/>
      <Metric name="STPAR" value="1"/>
      <Metric name="STPBG" value="0"/>
      <Metric name="STPDN" value="0"/>
      <Metric name="STPTH" value="1"/>
      <Metric name="STST1" value="3"/>
      <Metric name="STST2" value="3"/>
      <Metric name="STST3" value="2"/>
      <Metric name="STSUB" value="0"/>
      <Metric name="STUNV" value="0"/>
      <Metric name="STXLN" value="3"/>
    </Entity>
    <Entity name="VoltMonI_u_SubAction_VoltageHigh" type="function">
      <Metric name="NPATH" value="5"/>
      <Metric name="STAKI" value="6"/>
      <Metric name="STAV1" value="5.000"/>
      <Metric name="STAV2" value="8.000"/>
      <Metric name="STAV3" value="8.000"/>
      <Metric name="STBAK" value="0"/>
      <Metric name="STCAL" value="0"/>
      <Metric name="STCYC" value="5"/>
      <Metric name="STELF" value="0"/>
      <Metric name="STFDN" value="21"/>
      <Metric name="STFDT" value="14"/>
      <Metric name="STFN1" value="78"/>
      <Metric name="STFN2" value="45"/>
      <Metric name="STGTO" value="0"/>
      <Metric name="STKDN" value="0.000"/>
      <Metric name="STKNT" value="0"/>
      <Metric name="STLCT" value="1"/>
      <Metric name="STLIN" value="37"/>
      <Metric name="STLOP" value="0"/>
      <Metric name="STM07" value="1"/>
      <Metric name="STM19" value="1"/>
      <Metric name="STMCC" value="0 (5:5)"/>
      <Metric name="STMIF" value="3"/>
      <Metric name="STPAR" value="0"/>
      <Metric name="STPBG" value="1"/>
      <Metric name="STPDN" value="0"/>
      <Metric name="STPTH" value="5"/>
      <Metric name="STST1" value="22"/>
      <Metric name="STST2" value="15"/>
      <Metric name="STST3" value="14"/>
      <Metric name="STSUB" value="1"/>
      <Metric name="STUNV" value="0"/>
      <Metric name="STXLN" value="18"/>
    </Entity>
    <Entity name="VoltMonI_u_SubAction_VoltageInit" type="function">
      <Metric name="NPATH" value="17"/>
      <Metric name="STAKI" value="14"/>
      <Metric name="STAV1" value="6.000"/>
      <Metric name="STAV2" value="10.000"/>
      <Metric name="STAV3" value="10.000"/>
      <Metric name="STBAK" value="0"/>
      <Metric name="STCAL" value="0"/>
      <Metric name="STCYC" value="13"/>
      <Metric name="STELF" value="0"/>
      <Metric name="STFDN" value="32"/>
      <Metric name="STFDT" value="16"/>
      <Metric name="STFN1" value="236"/>
      <Metric name="STFN2" value="135"/>
      <Metric name="STGTO" value="0"/>
      <Metric name="STKDN" value="0.000"/>
      <Metric name="STKNT" value="0"/>
      <Metric name="STLCT" value="1"/>
      <Metric name="STLIN" value="90"/>
      <Metric name="STLOP" value="4"/>
      <Metric name="STM07" value="1"/>
      <Metric name="STM19" value="1"/>
      <Metric name="STMCC" value="4 (13:17)"/>
      <Metric name="STMIF" value="7"/>
      <Metric name="STPAR" value="0"/>
      <Metric name="STPBG" value="1"/>
      <Metric name="STPDN" value="0"/>
      <Metric name="STPTH" value="13"/>
      <Metric name="STST1" value="55"/>
      <Metric name="STST2" value="36"/>
      <Metric name="STST3" value="35"/>
      <Metric name="STSUB" value="1"/>
      <Metric name="STUNV" value="0"/>
      <Metric name="STXLN" value="43"/>
    </Entity>
    <Entity name="VoltMonI_u_SubAction_VoltageLow" type="function">
      <Metric name="NPATH" value="5"/>
      <Metric name="STAKI" value="6"/>
      <Metric name="STAV1" value="5.000"/>
      <Metric name="STAV2" value="8.000"/>
      <Metric name="STAV3" value="8.000"/>
      <Metric name="STBAK" value="0"/>
      <Metric name="STCAL" value="0"/>
      <Metric name="STCYC" value="5"/>
      <Metric name="STELF" value="0"/>
      <Metric name="STFDN" value="21"/>
      <Metric name="STFDT" value="13"/>
      <Metric name="STFN1" value="78"/>
      <Metric name="STFN2" value="45"/>
      <Metric name="STGTO" value="0"/>
      <Metric name="STKDN" value="0.000"/>
      <Metric name="STKNT" value="0"/>
      <Metric name="STLCT" value="1"/>
      <Metric name="STLIN" value="36"/>
      <Metric name="STLOP" value="0"/>
      <Metric name="STM07" value="1"/>
      <Metric name="STM19" value="1"/>
      <Metric name="STMCC" value="0 (5:5)"/>
      <Metric name="STMIF" value="3"/>
      <Metric name="STPAR" value="0"/>
      <Metric name="STPBG" value="1"/>
      <Metric name="STPDN" value="0"/>
      <Metric name="STPTH" value="5"/>
      <Metric name="STST1" value="22"/>
      <Metric name="STST2" value="15"/>
      <Metric name="STST3" value="14"/>
      <Metric name="STSUB" value="1"/>
      <Metric name="STUNV" value="0"/>
      <Metric name="STXLN" value="18"/>
    </Entity>
    <Entity name="VoltMonI_u_SubAction_VoltageMax" type="function">
      <Metric name="NPATH" value="1"/>
      <Metric name="STAKI" value="2"/>
      <Metric name="STAV1" value="5.000"/>
      <Metric name="STAV2" value="5.000"/>
      <Metric name="STAV3" value="6.000"/>
      <Metric name="STBAK" value="0"/>
      <Metric name="STCAL" value="0"/>
      <Metric name="STCYC" value="1"/>
      <Metric name="STELF" value="0"/>
      <Metric name="STFDN" value="9"/>
      <Metric name="STFDT" value="8"/>
      <Metric name="STFN1" value="16"/>
      <Metric name="STFN2" value="11"/>
      <Metric name="STGTO" value="0"/>
      <Metric name="STKDN" value="0.000"/>
      <Metric name="STKNT" value="0"/>
      <Metric name="STLCT" value="1"/>
      <Metric name="STLIN" value="7"/>
      <Metric name="STLOP" value="0"/>
      <Metric name="STM07" value="1"/>
      <Metric name="STM19" value="1"/>
      <Metric name="STMCC" value="0 (1:1)"/>
      <Metric name="STMIF" value="0"/>
      <Metric name="STPAR" value="0"/>
      <Metric name="STPBG" value="0"/>
      <Metric name="STPDN" value="0"/>
      <Metric name="STPTH" value="1"/>
      <Metric name="STST1" value="5"/>
      <Metric name="STST2" value="5"/>
      <Metric name="STST3" value="4"/>
      <Metric name="STSUB" value="1"/>
      <Metric name="STUNV" value="0"/>
      <Metric name="STXLN" value="5"/>
    </Entity>
    <Entity name="VoltMonI_u_SubAction_VoltageMin" type="function">
      <Metric name="NPATH" value="1"/>
      <Metric name="STAKI" value="2"/>
      <Metric name="STAV1" value="5.000"/>
      <Metric name="STAV2" value="5.000"/>
      <Metric name="STAV3" value="6.000"/>
      <Metric name="STBAK" value="0"/>
      <Metric name="STCAL" value="0"/>
      <Metric name="STCYC" value="1"/>
      <Metric name="STELF" value="0"/>
      <Metric name="STFDN" value="9"/>
      <Metric name="STFDT" value="8"/>
      <Metric name="STFN1" value="16"/>
      <Metric name="STFN2" value="11"/>
      <Metric name="STGTO" value="0"/>
      <Metric name="STKDN" value="0.000"/>
      <Metric name="STKNT" value="0"/>
      <Metric name="STLCT" value="1"/>
      <Metric name="STLIN" value="7"/>
      <Metric name="STLOP" value="0"/>
      <Metric name="STM07" value="1"/>
      <Metric name="STM19" value="1"/>
      <Metric name="STMCC" value="0 (1:1)"/>
      <Metric name="STMIF" value="0"/>
      <Metric name="STPAR" value="0"/>
      <Metric name="STPBG" value="0"/>
      <Metric name="STPDN" value="0"/>
      <Metric name="STPTH" value="1"/>
      <Metric name="STST1" value="5"/>
      <Metric name="STST2" value="5"/>
      <Metric name="STST3" value="4"/>
      <Metric name="STSUB" value="1"/>
      <Metric name="STUNV" value="0"/>
      <Metric name="STXLN" value="5"/>
    </Entity>
    <Entity name="VoltMonI_u_SubAction_VoltageNormal" type="function">
      <Metric name="NPATH" value="5"/>
      <Metric name="STAKI" value="6"/>
      <Metric name="STAV1" value="5.000"/>
      <Metric name="STAV2" value="8.000"/>
      <Metric name="STAV3" value="9.000"/>
      <Metric name="STBAK" value="0"/>
      <Metric name="STCAL" value="0"/>
      <Metric name="STCYC" value="5"/>
      <Metric name="STELF" value="0"/>
      <Metric name="STFDN" value="17"/>
      <Metric name="STFDT" value="14"/>
      <Metric name="STFN1" value="75"/>
      <Metric name="STFN2" value="42"/>
      <Metric name="STGTO" value="0"/>
      <Metric name="STKDN" value="0.000"/>
      <Metric name="STKNT" value="0"/>
      <Metric name="STLCT" value="1"/>
      <Metric name="STLIN" value="36"/>
      <Metric name="STLOP" value="0"/>
      <Metric name="STM07" value="1"/>
      <Metric name="STM19" value="1"/>
      <Metric name="STMCC" value="0 (5:5)"/>
      <Metric name="STMIF" value="3"/>
      <Metric name="STPAR" value="0"/>
      <Metric name="STPBG" value="1"/>
      <Metric name="STPDN" value="0"/>
      <Metric name="STPTH" value="5"/>
      <Metric name="STST1" value="21"/>
      <Metric name="STST2" value="14"/>
      <Metric name="STST3" value="13"/>
      <Metric name="STSUB" value="1"/>
      <Metric name="STUNV" value="0"/>
      <Metric name="STXLN" value="17"/>
    </Entity>
    <Entity name="VoltMonI_u_SubAction_VoltageOverHigh" type="function">
      <Metric name="NPATH" value="5"/>
      <Metric name="STAKI" value="6"/>
      <Metric name="STAV1" value="5.000"/>
      <Metric name="STAV2" value="8.000"/>
      <Metric name="STAV3" value="8.000"/>
      <Metric name="STBAK" value="0"/>
      <Metric name="STCAL" value="0"/>
      <Metric name="STCYC" value="5"/>
      <Metric name="STELF" value="0"/>
      <Metric name="STFDN" value="21"/>
      <Metric name="STFDT" value="14"/>
      <Metric name="STFN1" value="78"/>
      <Metric name="STFN2" value="45"/>
      <Metric name="STGTO" value="0"/>
      <Metric name="STKDN" value="0.000"/>
      <Metric name="STKNT" value="0"/>
      <Metric name="STLCT" value="1"/>
      <Metric name="STLIN" value="37"/>
      <Metric name="STLOP" value="0"/>
      <Metric name="STM07" value="1"/>
      <Metric name="STM19" value="1"/>
      <Metric name="STMCC" value="0 (5:5)"/>
      <Metric name="STMIF" value="3"/>
      <Metric name="STPAR" value="0"/>
      <Metric name="STPBG" value="1"/>
      <Metric name="STPDN" value="0"/>
      <Metric name="STPTH" value="5"/>
      <Metric name="STST1" value="22"/>
      <Metric name="STST2" value="15"/>
      <Metric name="STST3" value="14"/>
      <Metric name="STSUB" value="1"/>
      <Metric name="STUNV" value="0"/>
      <Metric name="STXLN" value="18"/>
    </Entity>
    <Entity name="VoltMonI_u_SubAction_VoltageUnderLow" type="function">
      <Metric name="NPATH" value="5"/>
      <Metric name="STAKI" value="6"/>
      <Metric name="STAV1" value="5.000"/>
      <Metric name="STAV2" value="8.000"/>
      <Metric name="STAV3" value="8.000"/>
      <Metric name="STBAK" value="0"/>
      <Metric name="STCAL" value="0"/>
      <Metric name="STCYC" value="5"/>
      <Metric name="STELF" value="0"/>
      <Metric name="STFDN" value="21"/>
      <Metric name="STFDT" value="13"/>
      <Metric name="STFN1" value="78"/>
      <Metric name="STFN2" value="45"/>
      <Metric name="STGTO" value="0"/>
      <Metric name="STKDN" value="0.000"/>
      <Metric name="STKNT" value="0"/>
      <Metric name="STLCT" value="1"/>
      <Metric name="STLIN" value="37"/>
      <Metric name="STLOP" value="0"/>
      <Metric name="STM07" value="1"/>
      <Metric name="STM19" value="1"/>
      <Metric name="STMCC" value="0 (5:5)"/>
      <Metric name="STMIF" value="3"/>
      <Metric name="STPAR" value="0"/>
      <Metric name="STPBG" value="1"/>
      <Metric name="STPDN" value="0"/>
      <Metric name="STPTH" value="5"/>
      <Metric name="STST1" value="22"/>
      <Metric name="STST2" value="15"/>
      <Metric name="STST3" value="14"/>
      <Metric name="STSUB" value="1"/>
      <Metric name="STUNV" value="0"/>
      <Metric name="STXLN" value="18"/>
    </Entity>
    <Entity name="VoltMonI_v_VoltageStateMachine" type="function">
      <Metric name="NPATH" value="9"/>
      <Metric name="STAKI" value="18"/>
      <Metric name="STAV1" value="4.000"/>
      <Metric name="STAV2" value="6.000"/>
      <Metric name="STAV3" value="6.000"/>
      <Metric name="STBAK" value="0"/>
      <Metric name="STCAL" value="9"/>
      <Metric name="STCYC" value="9"/>
      <Metric name="STELF" value="0"/>
      <Metric name="STFDN" value="21"/>
      <Metric name="STFDT" value="15"/>
      <Metric name="STFN1" value="106"/>
      <Metric name="STFN2" value="25"/>
      <Metric name="STGTO" value="0"/>
      <Metric name="STKDN" value="0.000"/>
      <Metric name="STKNT" value="0"/>
      <Metric name="STLCT" value="0"/>
      <Metric name="STLIN" value="37"/>
      <Metric name="STLOP" value="0"/>
      <Metric name="STM07" value="1"/>
      <Metric name="STM19" value="0"/>
      <Metric name="STMCC" value="0 (9:9)"/>
      <Metric name="STMIF" value="1"/>
      <Metric name="STPAR" value="0"/>
      <Metric name="STPBG" value="1"/>
      <Metric name="STPDN" value="0"/>
      <Metric name="STPTH" value="9"/>
      <Metric name="STST1" value="31"/>
      <Metric name="STST2" value="21"/>
      <Metric name="STST3" value="21"/>
      <Metric name="STSUB" value="9"/>
      <Metric name="STUNV" value="0"/>
      <Metric name="STXLN" value="30"/>
    </Entity>
  </File>
  <File name="D:/Material/3_Project/C673/MFC5J3_C673_Mcu_App/02_SrcAppl/SysM/VoltMonI/VoltageMonitor.h"/>
  <File name="D:/Material/3_Project/C673/MFC5J3_C673_Mcu_App/02_SrcAppl/SysM/VoltMonI/VoltageMonitor_Cfg.c">
    <Entity name="D:/Material/3_Project/C673/MFC5J3_C673_Mcu_App/02_SrcAppl/SysM/VoltMonI/VoltageMonitor_Cfg.c" type="file">
      <Metric name="STBME" value="0.138"/>
      <Metric name="STBMO" value="0.138"/>
      <Metric name="STBMS" value="0.143"/>
      <Metric name="STBUG" value="0"/>
      <Metric name="STCDN" value="0.622"/>
      <Metric name="STDEV" value="1.200"/>
      <Metric name="STDIF" value="10.181"/>
      <Metric name="STECT" value="1"/>
      <Metric name="STEFF" value="7203"/>
      <Metric name="STFCO" value="0"/>
      <Metric name="STFNC" value="0"/>
      <Metric name="STHAL" value="239"/>
      <Metric name="STM20" value="39"/>
      <Metric name="STM21" value="80"/>
      <Metric name="STM22" value="1"/>
      <Metric name="STM28" value="9"/>
      <Metric name="STM33" value="4"/>
      <Metric name="STOPN" value="39"/>
      <Metric name="STOPT" value="10"/>
      <Metric name="STSCT" value="0"/>
      <Metric name="STSHN" value="754"/>
      <Metric name="STTDE" value="1.326"/>
      <Metric name="STTDO" value="1.179"/>
      <Metric name="STTDS" value="1.265"/>
      <Metric name="STTLN" value="20"/>
      <Metric name="STTOT" value="126"/>
      <Metric name="STTPP" value="66"/>
      <Metric name="STVAR" value="15"/>
      <Metric name="STVOL" value="707"/>
      <Metric name="STZIP" value="219"/>
    </Entity>
  </File>
  <File name="D:/Material/3_Project/C673/MFC5J3_C673_Mcu_App/02_SrcAppl/SysM/VoltMonI/VoltageMonitor_Cfg.h"/>
  <File name="D:/Material/3_Project/C673/MFC5J3_C673_Mcu_App/02_SrcAppl/SysM/VoltMonI/VoltageMonitor_UserCallouts.c">
    <Entity name="D:/Material/3_Project/C673/MFC5J3_C673_Mcu_App/02_SrcAppl/SysM/VoltMonI/VoltageMonitor_UserCallouts.c" type="file">
      <Metric name="STBME" value="1.220"/>
      <Metric name="STBMO" value="0.931"/>
      <Metric name="STBMS" value="1.093"/>
      <Metric name="STBUG" value="2"/>
      <Metric name="STCDN" value="0.525"/>
      <Metric name="STDEV" value="10.563"/>
      <Metric name="STDIF" value="12.488"/>
      <Metric name="STECT" value="0"/>
      <Metric name="STEFF" value="63379"/>
      <Metric name="STFCO" value="27"/>
      <Metric name="STFNC" value="12"/>
      <Metric name="STHAL" value="526"/>
      <Metric name="STM20" value="229"/>
      <Metric name="STM21" value="544"/>
      <Metric name="STM22" value="61"/>
      <Metric name="STM28" value="34"/>
      <Metric name="STM33" value="17"/>
      <Metric name="STOPN" value="69"/>
      <Metric name="STOPT" value="23"/>
      <Metric name="STSCT" value="0"/>
      <Metric name="STSHN" value="1791"/>
      <Metric name="STTDE" value="2.665"/>
      <Metric name="STTDO" value="2.433"/>
      <Metric name="STTDS" value="2.579"/>
      <Metric name="STTLN" value="159"/>
      <Metric name="STTOT" value="778"/>
      <Metric name="STTPP" value="406"/>
      <Metric name="STVAR" value="65"/>
      <Metric name="STVOL" value="5075"/>
      <Metric name="STZIP" value="469"/>
    </Entity>
    <Entity name="VoltMonI_u_EntryHighVolt_CallBack" type="function">
      <Metric name="NPATH" value="2"/>
      <Metric name="STAKI" value="5"/>
      <Metric name="STAV1" value="6.000"/>
      <Metric name="STAV2" value="8.000"/>
      <Metric name="STAV3" value="10.000"/>
      <Metric name="STBAK" value="0"/>
      <Metric name="STCAL" value="3"/>
      <Metric name="STCYC" value="2"/>
      <Metric name="STELF" value="0"/>
      <Metric name="STFDN" value="7"/>
      <Metric name="STFDT" value="10"/>
      <Metric name="STFN1" value="32"/>
      <Metric name="STFN2" value="10"/>
      <Metric name="STGTO" value="0"/>
      <Metric name="STKDN" value="0.000"/>
      <Metric name="STKNT" value="0"/>
      <Metric name="STLCT" value="1"/>
      <Metric name="STLIN" value="11"/>
      <Metric name="STLOP" value="0"/>
      <Metric name="STM07" value="1"/>
      <Metric name="STM19" value="0"/>
      <Metric name="STMCC" value="0 (2:2)"/>
      <Metric name="STMIF" value="1"/>
      <Metric name="STPAR" value="0"/>
      <Metric name="STPBG" value="0"/>
      <Metric name="STPDN" value="0"/>
      <Metric name="STPTH" value="2"/>
      <Metric name="STST1" value="7"/>
      <Metric name="STST2" value="5"/>
      <Metric name="STST3" value="4"/>
      <Metric name="STSUB" value="3"/>
      <Metric name="STUNV" value="0"/>
      <Metric name="STXLN" value="5"/>
    </Entity>
    <Entity name="VoltMonI_u_EntryInitVolt_CallBack" type="function">
      <Metric name="NPATH" value="2"/>
      <Metric name="STAKI" value="3"/>
      <Metric name="STAV1" value="4.000"/>
      <Metric name="STAV2" value="7.000"/>
      <Metric name="STAV3" value="11.000"/>
      <Metric name="STBAK" value="0"/>
      <Metric name="STCAL" value="1"/>
      <Metric name="STCYC" value="2"/>
      <Metric name="STELF" value="0"/>
      <Metric name="STFDN" value="4"/>
      <Metric name="STFDT" value="9"/>
      <Metric name="STFN1" value="16"/>
      <Metric name="STFN2" value="6"/>
      <Metric name="STGTO" value="0"/>
      <Metric name="STKDN" value="0.000"/>
      <Metric name="STKNT" value="0"/>
      <Metric name="STLCT" value="1"/>
      <Metric name="STLIN" value="10"/>
      <Metric name="STLOP" value="0"/>
      <Metric name="STM07" value="1"/>
      <Metric name="STM19" value="0"/>
      <Metric name="STMCC" value="0 (2:2)"/>
      <Metric name="STMIF" value="1"/>
      <Metric name="STPAR" value="0"/>
      <Metric name="STPBG" value="0"/>
      <Metric name="STPDN" value="1"/>
      <Metric name="STPTH" value="2"/>
      <Metric name="STST1" value="5"/>
      <Metric name="STST2" value="3"/>
      <Metric name="STST3" value="2"/>
      <Metric name="STSUB" value="1"/>
      <Metric name="STUNV" value="0"/>
      <Metric name="STXLN" value="3"/>
    </Entity>
    <Entity name="VoltMonI_u_EntryLowVolt_CallBack" type="function">
      <Metric name="NPATH" value="2"/>
      <Metric name="STAKI" value="5"/>
      <Metric name="STAV1" value="6.000"/>
      <Metric name="STAV2" value="8.000"/>
      <Metric name="STAV3" value="10.000"/>
      <Metric name="STBAK" value="0"/>
      <Metric name="STCAL" value="3"/>
      <Metric name="STCYC" value="2"/>
      <Metric name="STELF" value="0"/>
      <Metric name="STFDN" value="7"/>
      <Metric name="STFDT" value="10"/>
      <Metric name="STFN1" value="32"/>
      <Metric name="STFN2" value="10"/>
      <Metric name="STGTO" value="0"/>
      <Metric name="STKDN" value="0.000"/>
      <Metric name="STKNT" value="0"/>
      <Metric name="STLCT" value="1"/>
      <Metric name="STLIN" value="11"/>
      <Metric name="STLOP" value="0"/>
      <Metric name="STM07" value="1"/>
      <Metric name="STM19" value="0"/>
      <Metric name="STMCC" value="0 (2:2)"/>
      <Metric name="STMIF" value="1"/>
      <Metric name="STPAR" value="0"/>
      <Metric name="STPBG" value="0"/>
      <Metric name="STPDN" value="0"/>
      <Metric name="STPTH" value="2"/>
      <Metric name="STST1" value="7"/>
      <Metric name="STST2" value="5"/>
      <Metric name="STST3" value="4"/>
      <Metric name="STSUB" value="3"/>
      <Metric name="STUNV" value="0"/>
      <Metric name="STXLN" value="5"/>
    </Entity>
    <Entity name="VoltMonI_u_EntryMaxVolt_CallBack" type="function">
      <Metric name="NPATH" value="2"/>
      <Metric name="STAKI" value="6"/>
      <Metric name="STAV1" value="6.000"/>
      <Metric name="STAV2" value="8.000"/>
      <Metric name="STAV3" value="10.000"/>
      <Metric name="STBAK" value="0"/>
      <Metric name="STCAL" value="4"/>
      <Metric name="STCYC" value="2"/>
      <Metric name="STELF" value="0"/>
      <Metric name="STFDN" value="8"/>
      <Metric name="STFDT" value="10"/>
      <Metric name="STFN1" value="40"/>
      <Metric name="STFN2" value="12"/>
      <Metric name="STGTO" value="0"/>
      <Metric name="STKDN" value="0.000"/>
      <Metric name="STKNT" value="0"/>
      <Metric name="STLCT" value="1"/>
      <Metric name="STLIN" value="12"/>
      <Metric name="STLOP" value="0"/>
      <Metric name="STM07" value="1"/>
      <Metric name="STM19" value="0"/>
      <Metric name="STMCC" value="0 (2:2)"/>
      <Metric name="STMIF" value="1"/>
      <Metric name="STPAR" value="0"/>
      <Metric name="STPBG" value="0"/>
      <Metric name="STPDN" value="0"/>
      <Metric name="STPTH" value="2"/>
      <Metric name="STST1" value="8"/>
      <Metric name="STST2" value="6"/>
      <Metric name="STST3" value="5"/>
      <Metric name="STSUB" value="4"/>
      <Metric name="STUNV" value="0"/>
      <Metric name="STXLN" value="6"/>
    </Entity>
    <Entity name="VoltMonI_u_EntryMinVolt_CallBack" type="function">
      <Metric name="NPATH" value="2"/>
      <Metric name="STAKI" value="6"/>
      <Metric name="STAV1" value="6.000"/>
      <Metric name="STAV2" value="8.000"/>
      <Metric name="STAV3" value="10.000"/>
      <Metric name="STBAK" value="0"/>
      <Metric name="STCAL" value="4"/>
      <Metric name="STCYC" value="2"/>
      <Metric name="STELF" value="0"/>
      <Metric name="STFDN" value="8"/>
      <Metric name="STFDT" value="10"/>
      <Metric name="STFN1" value="40"/>
      <Metric name="STFN2" value="12"/>
      <Metric name="STGTO" value="0"/>
      <Metric name="STKDN" value="0.000"/>
      <Metric name="STKNT" value="0"/>
      <Metric name="STLCT" value="1"/>
      <Metric name="STLIN" value="12"/>
      <Metric name="STLOP" value="0"/>
      <Metric name="STM07" value="1"/>
      <Metric name="STM19" value="0"/>
      <Metric name="STMCC" value="0 (2:2)"/>
      <Metric name="STMIF" value="1"/>
      <Metric name="STPAR" value="0"/>
      <Metric name="STPBG" value="0"/>
      <Metric name="STPDN" value="0"/>
      <Metric name="STPTH" value="2"/>
      <Metric name="STST1" value="8"/>
      <Metric name="STST2" value="6"/>
      <Metric name="STST3" value="5"/>
      <Metric name="STSUB" value="4"/>
      <Metric name="STUNV" value="0"/>
      <Metric name="STXLN" value="6"/>
    </Entity>
    <Entity name="VoltMonI_u_EntryNormalVolt_CallBack" type="function">
      <Metric name="NPATH" value="2"/>
      <Metric name="STAKI" value="5"/>
      <Metric name="STAV1" value="6.000"/>
      <Metric name="STAV2" value="8.000"/>
      <Metric name="STAV3" value="10.000"/>
      <Metric name="STBAK" value="0"/>
      <Metric name="STCAL" value="3"/>
      <Metric name="STCYC" value="2"/>
      <Metric name="STELF" value="0"/>
      <Metric name="STFDN" value="7"/>
      <Metric name="STFDT" value="10"/>
      <Metric name="STFN1" value="32"/>
      <Metric name="STFN2" value="10"/>
      <Metric name="STGTO" value="0"/>
      <Metric name="STKDN" value="0.000"/>
      <Metric name="STKNT" value="0"/>
      <Metric name="STLCT" value="1"/>
      <Metric name="STLIN" value="11"/>
      <Metric name="STLOP" value="0"/>
      <Metric name="STM07" value="1"/>
      <Metric name="STM19" value="0"/>
      <Metric name="STMCC" value="0 (2:2)"/>
      <Metric name="STMIF" value="1"/>
      <Metric name="STPAR" value="0"/>
      <Metric name="STPBG" value="0"/>
      <Metric name="STPDN" value="0"/>
      <Metric name="STPTH" value="2"/>
      <Metric name="STST1" value="7"/>
      <Metric name="STST2" value="5"/>
      <Metric name="STST3" value="4"/>
      <Metric name="STSUB" value="3"/>
      <Metric name="STUNV" value="0"/>
      <Metric name="STXLN" value="5"/>
    </Entity>
    <Entity name="VoltMonI_u_EntryOverHighVolt_CallBack" type="function">
      <Metric name="NPATH" value="2"/>
      <Metric name="STAKI" value="5"/>
      <Metric name="STAV1" value="6.000"/>
      <Metric name="STAV2" value="8.000"/>
      <Metric name="STAV3" value="10.000"/>
      <Metric name="STBAK" value="0"/>
      <Metric name="STCAL" value="3"/>
      <Metric name="STCYC" value="2"/>
      <Metric name="STELF" value="0"/>
      <Metric name="STFDN" value="7"/>
      <Metric name="STFDT" value="10"/>
      <Metric name="STFN1" value="32"/>
      <Metric name="STFN2" value="10"/>
      <Metric name="STGTO" value="0"/>
      <Metric name="STKDN" value="0.000"/>
      <Metric name="STKNT" value="0"/>
      <Metric name="STLCT" value="1"/>
      <Metric name="STLIN" value="11"/>
      <Metric name="STLOP" value="0"/>
      <Metric name="STM07" value="1"/>
      <Metric name="STM19" value="0"/>
      <Metric name="STMCC" value="0 (2:2)"/>
      <Metric name="STMIF" value="1"/>
      <Metric name="STPAR" value="0"/>
      <Metric name="STPBG" value="0"/>
      <Metric name="STPDN" value="0"/>
      <Metric name="STPTH" value="2"/>
      <Metric name="STST1" value="7"/>
      <Metric name="STST2" value="5"/>
      <Metric name="STST3" value="4"/>
      <Metric name="STSUB" value="3"/>
      <Metric name="STUNV" value="0"/>
      <Metric name="STXLN" value="5"/>
    </Entity>
    <Entity name="VoltMonI_u_EntryUnderLowVolt_CallBack" type="function">
      <Metric name="NPATH" value="2"/>
      <Metric name="STAKI" value="5"/>
      <Metric name="STAV1" value="6.000"/>
      <Metric name="STAV2" value="8.000"/>
      <Metric name="STAV3" value="10.000"/>
      <Metric name="STBAK" value="0"/>
      <Metric name="STCAL" value="3"/>
      <Metric name="STCYC" value="2"/>
      <Metric name="STELF" value="0"/>
      <Metric name="STFDN" value="7"/>
      <Metric name="STFDT" value="10"/>
      <Metric name="STFN1" value="32"/>
      <Metric name="STFN2" value="10"/>
      <Metric name="STGTO" value="0"/>
      <Metric name="STKDN" value="0.000"/>
      <Metric name="STKNT" value="0"/>
      <Metric name="STLCT" value="1"/>
      <Metric name="STLIN" value="11"/>
      <Metric name="STLOP" value="0"/>
      <Metric name="STM07" value="1"/>
      <Metric name="STM19" value="0"/>
      <Metric name="STMCC" value="0 (2:2)"/>
      <Metric name="STMIF" value="1"/>
      <Metric name="STPAR" value="0"/>
      <Metric name="STPBG" value="0"/>
      <Metric name="STPDN" value="0"/>
      <Metric name="STPTH" value="2"/>
      <Metric name="STST1" value="7"/>
      <Metric name="STST2" value="5"/>
      <Metric name="STST3" value="4"/>
      <Metric name="STSUB" value="3"/>
      <Metric name="STUNV" value="0"/>
      <Metric name="STXLN" value="5"/>
    </Entity>
    <Entity name="VoltMonI_u_Input" type="function">
      <Metric name="NPATH" value="1"/>
      <Metric name="STAKI" value="3"/>
      <Metric name="STAV1" value="8.000"/>
      <Metric name="STAV2" value="8.000"/>
      <Metric name="STAV3" value="12.000"/>
      <Metric name="STBAK" value="0"/>
      <Metric name="STCAL" value="2"/>
      <Metric name="STCYC" value="1"/>
      <Metric name="STELF" value="0"/>
      <Metric name="STFDN" value="5"/>
      <Metric name="STFDT" value="8"/>
      <Metric name="STFN1" value="17"/>
      <Metric name="STFN2" value="7"/>
      <Metric name="STGTO" value="0"/>
      <Metric name="STKDN" value="0.000"/>
      <Metric name="STKNT" value="0"/>
      <Metric name="STLCT" value="1"/>
      <Metric name="STLIN" value="5"/>
      <Metric name="STLOP" value="0"/>
      <Metric name="STM07" value="1"/>
      <Metric name="STM19" value="0"/>
      <Metric name="STMCC" value="0 (1:1)"/>
      <Metric name="STMIF" value="0"/>
      <Metric name="STPAR" value="0"/>
      <Metric name="STPBG" value="0"/>
      <Metric name="STPDN" value="0"/>
      <Metric name="STPTH" value="1"/>
      <Metric name="STST1" value="3"/>
      <Metric name="STST2" value="3"/>
      <Metric name="STST3" value="2"/>
      <Metric name="STSUB" value="2"/>
      <Metric name="STUNV" value="0"/>
      <Metric name="STXLN" value="3"/>
    </Entity>
    <Entity name="VoltMonI_u_Output" type="function">
      <Metric name="NPATH" value="6"/>
      <Metric name="STAKI" value="14"/>
      <Metric name="STAV1" value="6.000"/>
      <Metric name="STAV2" value="8.000"/>
      <Metric name="STAV3" value="11.000"/>
      <Metric name="STBAK" value="0"/>
      <Metric name="STCAL" value="10"/>
      <Metric name="STCYC" value="4"/>
      <Metric name="STELF" value="0"/>
      <Metric name="STFDN" value="18"/>
      <Metric name="STFDT" value="11"/>
      <Metric name="STFN1" value="107"/>
      <Metric name="STFN2" value="38"/>
      <Metric name="STGTO" value="0"/>
      <Metric name="STKDN" value="0.000"/>
      <Metric name="STKNT" value="0"/>
      <Metric name="STLCT" value="5"/>
      <Metric name="STLIN" value="33"/>
      <Metric name="STLOP" value="2"/>
      <Metric name="STM07" value="1"/>
      <Metric name="STM19" value="0"/>
      <Metric name="STMCC" value="2 (4:6)"/>
      <Metric name="STMIF" value="3"/>
      <Metric name="STPAR" value="0"/>
      <Metric name="STPBG" value="1"/>
      <Metric name="STPDN" value="0"/>
      <Metric name="STPTH" value="4"/>
      <Metric name="STST1" value="22"/>
      <Metric name="STST2" value="18"/>
      <Metric name="STST3" value="13"/>
      <Metric name="STSUB" value="10"/>
      <Metric name="STUNV" value="0"/>
      <Metric name="STXLN" value="18"/>
    </Entity>
    <Entity name="VoltMonI_u_StartupPrecondition" type="function">
      <Metric name="NPATH" value="3"/>
      <Metric name="STAKI" value="4"/>
      <Metric name="STAV1" value="6.000"/>
      <Metric name="STAV2" value="7.000"/>
      <Metric name="STAV3" value="11.000"/>
      <Metric name="STBAK" value="0"/>
      <Metric name="STCAL" value="2"/>
      <Metric name="STCYC" value="2"/>
      <Metric name="STELF" value="0"/>
      <Metric name="STFDN" value="10"/>
      <Metric name="STFDT" value="15"/>
      <Metric name="STFN1" value="49"/>
      <Metric name="STFN2" value="19"/>
      <Metric name="STGTO" value="0"/>
      <Metric name="STKDN" value="0.000"/>
      <Metric name="STKNT" value="0"/>
      <Metric name="STLCT" value="3"/>
      <Metric name="STLIN" value="19"/>
      <Metric name="STLOP" value="1"/>
      <Metric name="STM07" value="1"/>
      <Metric name="STM19" value="1"/>
      <Metric name="STMCC" value="1 (2:3)"/>
      <Metric name="STMIF" value="1"/>
      <Metric name="STPAR" value="0"/>
      <Metric name="STPBG" value="0"/>
      <Metric name="STPDN" value="0"/>
      <Metric name="STPTH" value="2"/>
      <Metric name="STST1" value="11"/>
      <Metric name="STST2" value="9"/>
      <Metric name="STST3" value="6"/>
      <Metric name="STSUB" value="2"/>
      <Metric name="STUNV" value="0"/>
      <Metric name="STXLN" value="9"/>
    </Entity>
    <Entity name="VoltMonI_u_StateChangeNotificationCallout" type="function">
      <Metric name="NPATH" value="1"/>
      <Metric name="STAKI" value="1"/>
      <Metric name="STAV1" value="4.000"/>
      <Metric name="STAV2" value="4.000"/>
      <Metric name="STAV3" value="4.000"/>
      <Metric name="STBAK" value="0"/>
      <Metric name="STCAL" value="0"/>
      <Metric name="STCYC" value="1"/>
      <Metric name="STELF" value="0"/>
      <Metric name="STFDN" value="3"/>
      <Metric name="STFDT" value="6"/>
      <Metric name="STFN1" value="10"/>
      <Metric name="STFN2" value="3"/>
      <Metric name="STGTO" value="0"/>
      <Metric name="STKDN" value="0.000"/>
      <Metric name="STKNT" value="0"/>
      <Metric name="STLCT" value="0"/>
      <Metric name="STLIN" value="4"/>
      <Metric name="STLOP" value="0"/>
      <Metric name="STM07" value="1"/>
      <Metric name="STM19" value="1"/>
      <Metric name="STMCC" value="0 (1:1)"/>
      <Metric name="STMIF" value="0"/>
      <Metric name="STPAR" value="2"/>
      <Metric name="STPBG" value="0"/>
      <Metric name="STPDN" value="0"/>
      <Metric name="STPTH" value="1"/>
      <Metric name="STST1" value="3"/>
      <Metric name="STST2" value="3"/>
      <Metric name="STST3" value="3"/>
      <Metric name="STSUB" value="0"/>
      <Metric name="STUNV" value="0"/>
      <Metric name="STXLN" value="3"/>
    </Entity>
  </File>
</Metrics>
