<?xml version='1.0' encoding='UTF-8'?>
<Metrics>
  <!--This report was generated using Helix QAC and is the Intellectual Property of Programming Research Limited.-->
  <File name="D:/Material/3_Project/C673/MFC5J3_C673_Mcu_App/00_AsrStack/plugins/Atomics_TS_TxDxM1I0R0/include/Atomics.h"/>
  <File name="D:/Material/3_Project/C673/MFC5J3_C673_Mcu_App/00_AsrStack/plugins/Atomics_TS_TxDxM1I0R0/include/Atomics_TSPlatforms.h"/>
  <File name="D:/Material/3_Project/C673/MFC5J3_C673_Mcu_App/00_AsrStack/plugins/Atomics_TS_TxDxM1I0R0/include/Atomics_platform_types.h"/>
  <File name="D:/Material/3_Project/C673/MFC5J3_C673_Mcu_App/00_AsrStack/plugins/Atomics_TS_TxDxM1I0R0/include/Atomics_user_functions.h"/>
  <File name="D:/Material/3_Project/C673/MFC5J3_C673_Mcu_App/00_AsrStack/plugins/Atomics_TS_TxDxM1I0R0/include/Atomics_user_functions_customizations.h"/>
  <File name="D:/Material/3_Project/C673/MFC5J3_C673_Mcu_App/00_AsrStack/plugins/Atomics_TS_TxDxM1I0R0/include/Atomics_user_types.h"/>
  <File name="D:/Material/3_Project/C673/MFC5J3_C673_Mcu_App/00_AsrStack/plugins/Atomics_TS_TxDxM1I0R0/include/Atomics_user_types_customizations.h"/>
  <File name="D:/Material/3_Project/C673/MFC5J3_C673_Mcu_App/00_AsrStack/plugins/Base_TS_TxDxM5I1R0/include/Can_GeneralTypes.h"/>
  <File name="D:/Material/3_Project/C673/MFC5J3_C673_Mcu_App/00_AsrStack/plugins/Base_TS_TxDxM5I1R0/include/ComStack_Types.h"/>
  <File name="D:/Material/3_Project/C673/MFC5J3_C673_Mcu_App/00_AsrStack/plugins/Base_TS_TxDxM5I1R0/include/Compiler_Common.h"/>
  <File name="D:/Material/3_Project/C673/MFC5J3_C673_Mcu_App/00_AsrStack/plugins/Base_TS_TxDxM5I1R0/include/Std_Types.h"/>
  <File name="D:/Material/3_Project/C673/MFC5J3_C673_Mcu_App/00_AsrStack/plugins/Base_TS_TxDxM5I1R0/include/TSAutosar.h"/>
  <File name="D:/Material/3_Project/C673/MFC5J3_C673_Mcu_App/00_AsrStack/plugins/Base_TS_TxDxM5I1R0/include/TSCompiler_Default.h"/>
  <File name="D:/Material/3_Project/C673/MFC5J3_C673_Mcu_App/00_AsrStack/plugins/Base_TS_TxDxM5I1R0/include/TSMem.h"/>
  <File name="D:/Material/3_Project/C673/MFC5J3_C673_Mcu_App/00_AsrStack/plugins/Compiler_TS_TxDxM1I0R0/include/Compiler.h"/>
  <File name="D:/Material/3_Project/C673/MFC5J3_C673_Mcu_App/00_AsrStack/plugins/Compiler_TS_TxDxM1I0R0/include/TRICORE/tasking/Compiler_Specific.h"/>
  <File name="D:/Material/3_Project/C673/MFC5J3_C673_Mcu_App/00_AsrStack/plugins/Compiler_TS_TxDxM1I0R0/include/TSCompiler.h"/>
  <File name="D:/Material/3_Project/C673/MFC5J3_C673_Mcu_App/00_AsrStack/plugins/Det_TS_TxDxM6I5R0/include/Det.h"/>
  <File name="D:/Material/3_Project/C673/MFC5J3_C673_Mcu_App/00_AsrStack/plugins/Det_TS_TxDxM6I5R0/include/Det_BSW.h"/>
  <File name="D:/Material/3_Project/C673/MFC5J3_C673_Mcu_App/00_AsrStack/plugins/Det_TS_TxDxM6I5R0/include/Det_Version.h"/>
  <File name="D:/Material/3_Project/C673/MFC5J3_C673_Mcu_App/00_AsrStack/plugins/NvM_TS_TxDxM6I17R0/include/NvM.h"/>
  <File name="D:/Material/3_Project/C673/MFC5J3_C673_Mcu_App/00_AsrStack/plugins/NvM_TS_TxDxM6I17R0/include/NvM_Api_Stc.h"/>
  <File name="D:/Material/3_Project/C673/MFC5J3_C673_Mcu_App/00_AsrStack/plugins/NvM_TS_TxDxM6I17R0/include/NvM_BSW.h"/>
  <File name="D:/Material/3_Project/C673/MFC5J3_C673_Mcu_App/00_AsrStack/plugins/NvM_TS_TxDxM6I17R0/include/NvM_BSW_Types.h"/>
  <File name="D:/Material/3_Project/C673/MFC5J3_C673_Mcu_App/00_AsrStack/plugins/NvM_TS_TxDxM6I17R0/include/NvM_Int_Types.h"/>
  <File name="D:/Material/3_Project/C673/MFC5J3_C673_Mcu_App/00_AsrStack/plugins/NvM_TS_TxDxM6I17R0/include/NvM_Version.h"/>
  <File name="D:/Material/3_Project/C673/MFC5J3_C673_Mcu_App/00_AsrStack/plugins/NvM_TS_TxDxM6I17R0/include/NvM_Wrapper.h"/>
  <File name="D:/Material/3_Project/C673/MFC5J3_C673_Mcu_App/00_AsrStack/plugins/Os_TS_T16D27M6I1R0/include/Os.h"/>
  <File name="D:/Material/3_Project/C673/MFC5J3_C673_Mcu_App/00_AsrStack/plugins/Os_TS_T16D27M6I1R0/include/Os_Version.h"/>
  <File name="D:/Material/3_Project/C673/MFC5J3_C673_Mcu_App/00_AsrStack/plugins/Os_TS_T16D27M6I1R0/include/Os_acct_api.h"/>
  <File name="D:/Material/3_Project/C673/MFC5J3_C673_Mcu_App/00_AsrStack/plugins/Os_TS_T16D27M6I1R0/include/Os_alci.h"/>
  <File name="D:/Material/3_Project/C673/MFC5J3_C673_Mcu_App/00_AsrStack/plugins/Os_TS_T16D27M6I1R0/include/Os_api.h"/>
  <File name="D:/Material/3_Project/C673/MFC5J3_C673_Mcu_App/00_AsrStack/plugins/Os_TS_T16D27M6I1R0/include/Os_api_arch.h"/>
  <File name="D:/Material/3_Project/C673/MFC5J3_C673_Mcu_App/00_AsrStack/plugins/Os_TS_T16D27M6I1R0/include/Os_api_cfg.h"/>
  <File name="D:/Material/3_Project/C673/MFC5J3_C673_Mcu_App/00_AsrStack/plugins/Os_TS_T16D27M6I1R0/include/Os_api_simtimer.h"/>
  <File name="D:/Material/3_Project/C673/MFC5J3_C673_Mcu_App/00_AsrStack/plugins/Os_TS_T16D27M6I1R0/include/Os_api_timestamp.h"/>
  <File name="D:/Material/3_Project/C673/MFC5J3_C673_Mcu_App/00_AsrStack/plugins/Os_TS_T16D27M6I1R0/include/Os_arch.h"/>
  <File name="D:/Material/3_Project/C673/MFC5J3_C673_Mcu_App/00_AsrStack/plugins/Os_TS_T16D27M6I1R0/include/Os_callouts.h"/>
  <File name="D:/Material/3_Project/C673/MFC5J3_C673_Mcu_App/00_AsrStack/plugins/Os_TS_T16D27M6I1R0/include/Os_cpu.h"/>
  <File name="D:/Material/3_Project/C673/MFC5J3_C673_Mcu_App/00_AsrStack/plugins/Os_TS_T16D27M6I1R0/include/Os_defs.h"/>
  <File name="D:/Material/3_Project/C673/MFC5J3_C673_Mcu_App/00_AsrStack/plugins/Os_TS_T16D27M6I1R0/include/Os_error.h"/>
  <File name="D:/Material/3_Project/C673/MFC5J3_C673_Mcu_App/00_AsrStack/plugins/Os_TS_T16D27M6I1R0/include/Os_hw.h"/>
  <File name="D:/Material/3_Project/C673/MFC5J3_C673_Mcu_App/00_AsrStack/plugins/Os_TS_T16D27M6I1R0/include/Os_kernel.h"/>
  <File name="D:/Material/3_Project/C673/MFC5J3_C673_Mcu_App/00_AsrStack/plugins/Os_TS_T16D27M6I1R0/include/Os_kernel_alarm.h"/>
  <File name="D:/Material/3_Project/C673/MFC5J3_C673_Mcu_App/00_AsrStack/plugins/Os_TS_T16D27M6I1R0/include/Os_kernel_app.h"/>
  <File name="D:/Material/3_Project/C673/MFC5J3_C673_Mcu_App/00_AsrStack/plugins/Os_TS_T16D27M6I1R0/include/Os_kernel_multicore.h"/>
  <File name="D:/Material/3_Project/C673/MFC5J3_C673_Mcu_App/00_AsrStack/plugins/Os_TS_T16D27M6I1R0/include/Os_kernel_task.h"/>
  <File name="D:/Material/3_Project/C673/MFC5J3_C673_Mcu_App/00_AsrStack/plugins/Os_TS_T16D27M6I1R0/include/Os_libconfig.h"/>
  <File name="D:/Material/3_Project/C673/MFC5J3_C673_Mcu_App/00_AsrStack/plugins/Os_TS_T16D27M6I1R0/include/Os_messagequeue.h"/>
  <File name="D:/Material/3_Project/C673/MFC5J3_C673_Mcu_App/00_AsrStack/plugins/Os_TS_T16D27M6I1R0/include/Os_optimize.h"/>
  <File name="D:/Material/3_Project/C673/MFC5J3_C673_Mcu_App/00_AsrStack/plugins/Os_TS_T16D27M6I1R0/include/Os_panic.h"/>
  <File name="D:/Material/3_Project/C673/MFC5J3_C673_Mcu_App/00_AsrStack/plugins/Os_TS_T16D27M6I1R0/include/Os_proto_arch.h"/>
  <File name="D:/Material/3_Project/C673/MFC5J3_C673_Mcu_App/00_AsrStack/plugins/Os_TS_T16D27M6I1R0/include/Os_timeconversion.h"/>
  <File name="D:/Material/3_Project/C673/MFC5J3_C673_Mcu_App/00_AsrStack/plugins/Os_TS_T16D27M6I1R0/include/Os_timestamp.h"/>
  <File name="D:/Material/3_Project/C673/MFC5J3_C673_Mcu_App/00_AsrStack/plugins/Os_TS_T16D27M6I1R0/include/Os_tool.h"/>
  <File name="D:/Material/3_Project/C673/MFC5J3_C673_Mcu_App/00_AsrStack/plugins/Os_TS_T16D27M6I1R0/include/Os_types.h"/>
  <File name="D:/Material/3_Project/C673/MFC5J3_C673_Mcu_App/00_AsrStack/plugins/Os_TS_T16D27M6I1R0/include/Os_types_arch.h"/>
  <File name="D:/Material/3_Project/C673/MFC5J3_C673_Mcu_App/00_AsrStack/plugins/Os_TS_T16D27M6I1R0/include/Os_userkernel.h"/>
  <File name="D:/Material/3_Project/C673/MFC5J3_C673_Mcu_App/00_AsrStack/plugins/Os_TS_T16D27M6I1R0/include/Os_usuffix.h"/>
  <File name="D:/Material/3_Project/C673/MFC5J3_C673_Mcu_App/00_AsrStack/plugins/Os_TS_T16D27M6I1R0/include/TRICORE/Os_TRICORE_aurix_wdt.h"/>
  <File name="D:/Material/3_Project/C673/MFC5J3_C673_Mcu_App/00_AsrStack/plugins/Os_TS_T16D27M6I1R0/include/TRICORE/Os_TRICORE_core.h"/>
  <File name="D:/Material/3_Project/C673/MFC5J3_C673_Mcu_App/00_AsrStack/plugins/Os_TS_T16D27M6I1R0/include/TRICORE/Os_TRICORE_cpu.h"/>
  <File name="D:/Material/3_Project/C673/MFC5J3_C673_Mcu_App/00_AsrStack/plugins/Os_TS_T16D27M6I1R0/include/TRICORE/Os_TRICORE_pwr.h"/>
  <File name="D:/Material/3_Project/C673/MFC5J3_C673_Mcu_App/00_AsrStack/plugins/Os_TS_T16D27M6I1R0/include/TRICORE/Os_TRICORE_stmconfig.h"/>
  <File name="D:/Material/3_Project/C673/MFC5J3_C673_Mcu_App/00_AsrStack/plugins/Os_TS_T16D27M6I1R0/include/TRICORE/Os_api_TRICORE.h"/>
  <File name="D:/Material/3_Project/C673/MFC5J3_C673_Mcu_App/00_AsrStack/plugins/Os_TS_T16D27M6I1R0/include/TRICORE/Os_defs_TRICORE.h"/>
  <File name="D:/Material/3_Project/C673/MFC5J3_C673_Mcu_App/00_AsrStack/plugins/Os_TS_T16D27M6I1R0/include/TRICORE/Os_hw_TRICORE.h"/>
  <File name="D:/Material/3_Project/C673/MFC5J3_C673_Mcu_App/00_AsrStack/plugins/Os_TS_T16D27M6I1R0/include/TRICORE/Os_kernel_TRICORE.h"/>
  <File name="D:/Material/3_Project/C673/MFC5J3_C673_Mcu_App/00_AsrStack/plugins/Os_TS_T16D27M6I1R0/include/TRICORE/Os_proto_TRICORE.h">
    <Entity name="OS_ClearIsrFn" type="function">
      <Metric name="NPATH" value="1"/>
      <Metric name="STAKI" value="1"/>
      <Metric name="STAV1" value="3.000"/>
      <Metric name="STAV2" value="3.000"/>
      <Metric name="STAV3" value="3.000"/>
      <Metric name="STBAK" value="0"/>
      <Metric name="STCAL" value="0"/>
      <Metric name="STCYC" value="1"/>
      <Metric name="STELF" value="0"/>
      <Metric name="STFDN" value="3"/>
      <Metric name="STFDT" value="1"/>
      <Metric name="STFN1" value="1"/>
      <Metric name="STFN2" value="6"/>
      <Metric name="STGTO" value="0"/>
      <Metric name="STKDN" value="0.000"/>
      <Metric name="STKNT" value="0"/>
      <Metric name="STLCT" value="0"/>
      <Metric name="STLIN" value="0"/>
      <Metric name="STLOP" value="0"/>
      <Metric name="STM07" value="1"/>
      <Metric name="STM19" value="0"/>
      <Metric name="STMCC" value="0 (1:1)"/>
      <Metric name="STMIF" value="0"/>
      <Metric name="STPAR" value="1"/>
      <Metric name="STPBG" value="0"/>
      <Metric name="STPDN" value="0"/>
      <Metric name="STPTH" value="1"/>
      <Metric name="STST1" value="2"/>
      <Metric name="STST2" value="2"/>
      <Metric name="STST3" value="2"/>
      <Metric name="STSUB" value="0"/>
      <Metric name="STUNV" value="0"/>
      <Metric name="STXLN" value="2"/>
    </Entity>
    <Entity name="OS_DisableIsrFn" type="function">
      <Metric name="NPATH" value="1"/>
      <Metric name="STAKI" value="2"/>
      <Metric name="STAV1" value="6.000"/>
      <Metric name="STAV2" value="6.000"/>
      <Metric name="STAV3" value="6.000"/>
      <Metric name="STBAK" value="0"/>
      <Metric name="STCAL" value="0"/>
      <Metric name="STCYC" value="1"/>
      <Metric name="STELF" value="0"/>
      <Metric name="STFDN" value="5"/>
      <Metric name="STFDT" value="1"/>
      <Metric name="STFN1" value="1"/>
      <Metric name="STFN2" value="5"/>
      <Metric name="STGTO" value="0"/>
      <Metric name="STKDN" value="0.000"/>
      <Metric name="STKNT" value="0"/>
      <Metric name="STLCT" value="0"/>
      <Metric name="STLIN" value="0"/>
      <Metric name="STLOP" value="0"/>
      <Metric name="STM07" value="1"/>
      <Metric name="STM19" value="0"/>
      <Metric name="STMCC" value="0 (1:1)"/>
      <Metric name="STMIF" value="0"/>
      <Metric name="STPAR" value="1"/>
      <Metric name="STPBG" value="0"/>
      <Metric name="STPDN" value="1"/>
      <Metric name="STPTH" value="1"/>
      <Metric name="STST1" value="1"/>
      <Metric name="STST2" value="1"/>
      <Metric name="STST3" value="1"/>
      <Metric name="STSUB" value="1"/>
      <Metric name="STUNV" value="0"/>
      <Metric name="STXLN" value="1"/>
    </Entity>
    <Entity name="OS_EnableIsrFn" type="function">
      <Metric name="NPATH" value="1"/>
      <Metric name="STAKI" value="2"/>
      <Metric name="STAV1" value="6.000"/>
      <Metric name="STAV2" value="6.000"/>
      <Metric name="STAV3" value="6.000"/>
      <Metric name="STBAK" value="0"/>
      <Metric name="STCAL" value="0"/>
      <Metric name="STCYC" value="1"/>
      <Metric name="STELF" value="0"/>
      <Metric name="STFDN" value="5"/>
      <Metric name="STFDT" value="1"/>
      <Metric name="STFN1" value="1"/>
      <Metric name="STFN2" value="5"/>
      <Metric name="STGTO" value="0"/>
      <Metric name="STKDN" value="0.000"/>
      <Metric name="STKNT" value="0"/>
      <Metric name="STLCT" value="0"/>
      <Metric name="STLIN" value="0"/>
      <Metric name="STLOP" value="0"/>
      <Metric name="STM07" value="1"/>
      <Metric name="STM19" value="0"/>
      <Metric name="STMCC" value="0 (1:1)"/>
      <Metric name="STMIF" value="0"/>
      <Metric name="STPAR" value="1"/>
      <Metric name="STPBG" value="0"/>
      <Metric name="STPDN" value="1"/>
      <Metric name="STPTH" value="1"/>
      <Metric name="STST1" value="1"/>
      <Metric name="STST2" value="1"/>
      <Metric name="STST3" value="1"/>
      <Metric name="STSUB" value="1"/>
      <Metric name="STUNV" value="0"/>
      <Metric name="STXLN" value="1"/>
    </Entity>
    <Entity name="OS_IntDisableConditional" type="function">
      <Metric name="NPATH" value="3"/>
      <Metric name="STAKI" value="4"/>
      <Metric name="STAV1" value="1.000"/>
      <Metric name="STAV2" value="3.000"/>
      <Metric name="STAV3" value="5.000"/>
      <Metric name="STBAK" value="0"/>
      <Metric name="STCAL" value="1"/>
      <Metric name="STCYC" value="3"/>
      <Metric name="STELF" value="0"/>
      <Metric name="STFDN" value="6"/>
      <Metric name="STFDT" value="1"/>
      <Metric name="STFN1" value="1"/>
      <Metric name="STFN2" value="14"/>
      <Metric name="STGTO" value="0"/>
      <Metric name="STKDN" value="0.000"/>
      <Metric name="STKNT" value="0"/>
      <Metric name="STLCT" value="2"/>
      <Metric name="STLIN" value="0"/>
      <Metric name="STLOP" value="0"/>
      <Metric name="STM07" value="1"/>
      <Metric name="STM19" value="1"/>
      <Metric name="STMCC" value="0 (3:3)"/>
      <Metric name="STMIF" value="2"/>
      <Metric name="STPAR" value="0"/>
      <Metric name="STPBG" value="0"/>
      <Metric name="STPDN" value="1"/>
      <Metric name="STPTH" value="3"/>
      <Metric name="STST1" value="9"/>
      <Metric name="STST2" value="5"/>
      <Metric name="STST3" value="3"/>
      <Metric name="STSUB" value="1"/>
      <Metric name="STUNV" value="1"/>
      <Metric name="STXLN" value="4"/>
    </Entity>
    <Entity name="OS_IntDisableLevel" type="function">
      <Metric name="NPATH" value="2"/>
      <Metric name="STAKI" value="3"/>
      <Metric name="STAV1" value="1.000"/>
      <Metric name="STAV2" value="3.000"/>
      <Metric name="STAV3" value="6.000"/>
      <Metric name="STBAK" value="0"/>
      <Metric name="STCAL" value="1"/>
      <Metric name="STCYC" value="2"/>
      <Metric name="STELF" value="0"/>
      <Metric name="STFDN" value="6"/>
      <Metric name="STFDT" value="1"/>
      <Metric name="STFN1" value="1"/>
      <Metric name="STFN2" value="11"/>
      <Metric name="STGTO" value="0"/>
      <Metric name="STKDN" value="0.000"/>
      <Metric name="STKNT" value="0"/>
      <Metric name="STLCT" value="2"/>
      <Metric name="STLIN" value="0"/>
      <Metric name="STLOP" value="0"/>
      <Metric name="STM07" value="1"/>
      <Metric name="STM19" value="1"/>
      <Metric name="STMCC" value="0 (2:2)"/>
      <Metric name="STMIF" value="1"/>
      <Metric name="STPAR" value="1"/>
      <Metric name="STPBG" value="0"/>
      <Metric name="STPDN" value="1"/>
      <Metric name="STPTH" value="2"/>
      <Metric name="STST1" value="7"/>
      <Metric name="STST2" value="4"/>
      <Metric name="STST3" value="2"/>
      <Metric name="STSUB" value="1"/>
      <Metric name="STUNV" value="1"/>
      <Metric name="STXLN" value="3"/>
    </Entity>
    <Entity name="OS_IntEnable" type="function">
      <Metric name="NPATH" value="2"/>
      <Metric name="STAKI" value="3"/>
      <Metric name="STAV1" value="1.000"/>
      <Metric name="STAV2" value="2.000"/>
      <Metric name="STAV3" value="5.000"/>
      <Metric name="STBAK" value="0"/>
      <Metric name="STCAL" value="1"/>
      <Metric name="STCYC" value="2"/>
      <Metric name="STELF" value="0"/>
      <Metric name="STFDN" value="5"/>
      <Metric name="STFDT" value="1"/>
      <Metric name="STFN1" value="1"/>
      <Metric name="STFN2" value="9"/>
      <Metric name="STGTO" value="0"/>
      <Metric name="STKDN" value="0.000"/>
      <Metric name="STKNT" value="0"/>
      <Metric name="STLCT" value="2"/>
      <Metric name="STLIN" value="0"/>
      <Metric name="STLOP" value="0"/>
      <Metric name="STM07" value="1"/>
      <Metric name="STM19" value="1"/>
      <Metric name="STMCC" value="0 (2:2)"/>
      <Metric name="STMIF" value="1"/>
      <Metric name="STPAR" value="0"/>
      <Metric name="STPBG" value="0"/>
      <Metric name="STPDN" value="1"/>
      <Metric name="STPTH" value="2"/>
      <Metric name="STST1" value="7"/>
      <Metric name="STST2" value="4"/>
      <Metric name="STST3" value="2"/>
      <Metric name="STSUB" value="1"/>
      <Metric name="STUNV" value="1"/>
      <Metric name="STXLN" value="3"/>
    </Entity>
    <Entity name="OS_IntEnableXcore" type="function">
      <Metric name="NPATH" value="3"/>
      <Metric name="STAKI" value="4"/>
      <Metric name="STAV1" value="1.000"/>
      <Metric name="STAV2" value="3.000"/>
      <Metric name="STAV3" value="5.000"/>
      <Metric name="STBAK" value="0"/>
      <Metric name="STCAL" value="1"/>
      <Metric name="STCYC" value="3"/>
      <Metric name="STELF" value="0"/>
      <Metric name="STFDN" value="6"/>
      <Metric name="STFDT" value="1"/>
      <Metric name="STFN1" value="1"/>
      <Metric name="STFN2" value="14"/>
      <Metric name="STGTO" value="0"/>
      <Metric name="STKDN" value="0.000"/>
      <Metric name="STKNT" value="0"/>
      <Metric name="STLCT" value="2"/>
      <Metric name="STLIN" value="0"/>
      <Metric name="STLOP" value="0"/>
      <Metric name="STM07" value="1"/>
      <Metric name="STM19" value="1"/>
      <Metric name="STMCC" value="0 (3:3)"/>
      <Metric name="STMIF" value="2"/>
      <Metric name="STPAR" value="0"/>
      <Metric name="STPBG" value="0"/>
      <Metric name="STPDN" value="1"/>
      <Metric name="STPTH" value="3"/>
      <Metric name="STST1" value="9"/>
      <Metric name="STST2" value="5"/>
      <Metric name="STST3" value="3"/>
      <Metric name="STSUB" value="1"/>
      <Metric name="STUNV" value="1"/>
      <Metric name="STXLN" value="4"/>
    </Entity>
    <Entity name="OS_SetupIsrFn" type="function">
      <Metric name="NPATH" value="4"/>
      <Metric name="STAKI" value="6"/>
      <Metric name="STAV1" value="16.000"/>
      <Metric name="STAV2" value="16.000"/>
      <Metric name="STAV3" value="16.000"/>
      <Metric name="STBAK" value="0"/>
      <Metric name="STCAL" value="1"/>
      <Metric name="STCYC" value="1"/>
      <Metric name="STELF" value="0"/>
      <Metric name="STFDN" value="9"/>
      <Metric name="STFDT" value="1"/>
      <Metric name="STFN1" value="1"/>
      <Metric name="STFN2" value="15"/>
      <Metric name="STGTO" value="0"/>
      <Metric name="STKDN" value="0.000"/>
      <Metric name="STKNT" value="0"/>
      <Metric name="STLCT" value="0"/>
      <Metric name="STLIN" value="0"/>
      <Metric name="STLOP" value="0"/>
      <Metric name="STM07" value="1"/>
      <Metric name="STM19" value="0"/>
      <Metric name="STMCC" value="0 (1:1)"/>
      <Metric name="STMIF" value="0"/>
      <Metric name="STPAR" value="1"/>
      <Metric name="STPBG" value="0"/>
      <Metric name="STPDN" value="1"/>
      <Metric name="STPTH" value="1"/>
      <Metric name="STST1" value="1"/>
      <Metric name="STST2" value="1"/>
      <Metric name="STST3" value="1"/>
      <Metric name="STSUB" value="5"/>
      <Metric name="STUNV" value="0"/>
      <Metric name="STXLN" value="1"/>
    </Entity>
    <Entity name="OS_TriggerIsrFn" type="function">
      <Metric name="NPATH" value="1"/>
      <Metric name="STAKI" value="1"/>
      <Metric name="STAV1" value="3.000"/>
      <Metric name="STAV2" value="3.000"/>
      <Metric name="STAV3" value="3.000"/>
      <Metric name="STBAK" value="0"/>
      <Metric name="STCAL" value="0"/>
      <Metric name="STCYC" value="1"/>
      <Metric name="STELF" value="0"/>
      <Metric name="STFDN" value="3"/>
      <Metric name="STFDT" value="1"/>
      <Metric name="STFN1" value="1"/>
      <Metric name="STFN2" value="6"/>
      <Metric name="STGTO" value="0"/>
      <Metric name="STKDN" value="0.000"/>
      <Metric name="STKNT" value="0"/>
      <Metric name="STLCT" value="0"/>
      <Metric name="STLIN" value="0"/>
      <Metric name="STLOP" value="0"/>
      <Metric name="STM07" value="1"/>
      <Metric name="STM19" value="0"/>
      <Metric name="STMCC" value="0 (1:1)"/>
      <Metric name="STMIF" value="0"/>
      <Metric name="STPAR" value="1"/>
      <Metric name="STPBG" value="0"/>
      <Metric name="STPDN" value="0"/>
      <Metric name="STPTH" value="1"/>
      <Metric name="STST1" value="2"/>
      <Metric name="STST2" value="2"/>
      <Metric name="STST3" value="2"/>
      <Metric name="STSUB" value="0"/>
      <Metric name="STUNV" value="0"/>
      <Metric name="STXLN" value="2"/>
    </Entity>
  </File>
  <File name="D:/Material/3_Project/C673/MFC5J3_C673_Mcu_App/00_AsrStack/plugins/Os_TS_T16D27M6I1R0/include/TRICORE/Os_tc38x.h"/>
  <File name="D:/Material/3_Project/C673/MFC5J3_C673_Mcu_App/00_AsrStack/plugins/Os_TS_T16D27M6I1R0/include/TRICORE/Os_tool_TRICORE.h"/>
  <File name="D:/Material/3_Project/C673/MFC5J3_C673_Mcu_App/00_AsrStack/plugins/Os_TS_T16D27M6I1R0/include/TRICORE/Os_tool_TRICORE_tasking.h">
    <Entity name="OS_AURIX_DISABLE" type="function">
      <Metric name="NPATH" value="1"/>
      <Metric name="STAKI" value="1"/>
      <Metric name="STAV1" value="2.000"/>
      <Metric name="STAV2" value="2.000"/>
      <Metric name="STAV3" value="4.000"/>
      <Metric name="STBAK" value="0"/>
      <Metric name="STCAL" value="0"/>
      <Metric name="STCYC" value="1"/>
      <Metric name="STELF" value="0"/>
      <Metric name="STFDN" value="2"/>
      <Metric name="STFDT" value="1"/>
      <Metric name="STFN1" value="1"/>
      <Metric name="STFN2" value="3"/>
      <Metric name="STGTO" value="0"/>
      <Metric name="STKDN" value="0.000"/>
      <Metric name="STKNT" value="0"/>
      <Metric name="STLCT" value="1"/>
      <Metric name="STLIN" value="0"/>
      <Metric name="STLOP" value="0"/>
      <Metric name="STM07" value="1"/>
      <Metric name="STM19" value="1"/>
      <Metric name="STMCC" value="0 (1:1)"/>
      <Metric name="STMIF" value="0"/>
      <Metric name="STPAR" value="0"/>
      <Metric name="STPBG" value="0"/>
      <Metric name="STPDN" value="0"/>
      <Metric name="STPTH" value="1"/>
      <Metric name="STST1" value="2"/>
      <Metric name="STST2" value="2"/>
      <Metric name="STST3" value="1"/>
      <Metric name="STSUB" value="0"/>
      <Metric name="STUNV" value="0"/>
      <Metric name="STXLN" value="2"/>
    </Entity>
    <Entity name="OS_AURIX_RESTORE" type="function">
      <Metric name="NPATH" value="1"/>
      <Metric name="STAKI" value="1"/>
      <Metric name="STAV1" value="0.000"/>
      <Metric name="STAV2" value="0.000"/>
      <Metric name="STAV3" value="0.000"/>
      <Metric name="STBAK" value="0"/>
      <Metric name="STCAL" value="0"/>
      <Metric name="STCYC" value="1"/>
      <Metric name="STELF" value="0"/>
      <Metric name="STFDN" value="0"/>
      <Metric name="STFDT" value="1"/>
      <Metric name="STFN1" value="1"/>
      <Metric name="STFN2" value="0"/>
      <Metric name="STGTO" value="0"/>
      <Metric name="STKDN" value="0.000"/>
      <Metric name="STKNT" value="0"/>
      <Metric name="STLCT" value="0"/>
      <Metric name="STLIN" value="0"/>
      <Metric name="STLOP" value="0"/>
      <Metric name="STM07" value="1"/>
      <Metric name="STM19" value="0"/>
      <Metric name="STMCC" value="0 (1:1)"/>
      <Metric name="STMIF" value="0"/>
      <Metric name="STPAR" value="1"/>
      <Metric name="STPBG" value="0"/>
      <Metric name="STPDN" value="1"/>
      <Metric name="STPTH" value="1"/>
      <Metric name="STST1" value="0"/>
      <Metric name="STST2" value="0"/>
      <Metric name="STST3" value="0"/>
      <Metric name="STSUB" value="0"/>
      <Metric name="STUNV" value="1"/>
      <Metric name="STXLN" value="1"/>
    </Entity>
    <Entity name="OS_MFA8" type="function">
      <Metric name="NPATH" value="1"/>
      <Metric name="STAKI" value="1"/>
      <Metric name="STAV1" value="1.000"/>
      <Metric name="STAV2" value="1.000"/>
      <Metric name="STAV3" value="3.000"/>
      <Metric name="STBAK" value="0"/>
      <Metric name="STCAL" value="0"/>
      <Metric name="STCYC" value="1"/>
      <Metric name="STELF" value="0"/>
      <Metric name="STFDN" value="1"/>
      <Metric name="STFDT" value="1"/>
      <Metric name="STFN1" value="1"/>
      <Metric name="STFN2" value="2"/>
      <Metric name="STGTO" value="0"/>
      <Metric name="STKDN" value="0.000"/>
      <Metric name="STKNT" value="0"/>
      <Metric name="STLCT" value="1"/>
      <Metric name="STLIN" value="0"/>
      <Metric name="STLOP" value="0"/>
      <Metric name="STM07" value="1"/>
      <Metric name="STM19" value="1"/>
      <Metric name="STMCC" value="0 (1:1)"/>
      <Metric name="STMIF" value="0"/>
      <Metric name="STPAR" value="0"/>
      <Metric name="STPBG" value="0"/>
      <Metric name="STPDN" value="0"/>
      <Metric name="STPTH" value="1"/>
      <Metric name="STST1" value="3"/>
      <Metric name="STST2" value="2"/>
      <Metric name="STST3" value="1"/>
      <Metric name="STSUB" value="0"/>
      <Metric name="STUNV" value="0"/>
      <Metric name="STXLN" value="2"/>
    </Entity>
    <Entity name="OS_MFRA" type="function">
      <Metric name="NPATH" value="1"/>
      <Metric name="STAKI" value="1"/>
      <Metric name="STAV1" value="1.000"/>
      <Metric name="STAV2" value="2.000"/>
      <Metric name="STAV3" value="4.000"/>
      <Metric name="STBAK" value="0"/>
      <Metric name="STCAL" value="0"/>
      <Metric name="STCYC" value="1"/>
      <Metric name="STELF" value="0"/>
      <Metric name="STFDN" value="2"/>
      <Metric name="STFDT" value="1"/>
      <Metric name="STFN1" value="1"/>
      <Metric name="STFN2" value="3"/>
      <Metric name="STGTO" value="0"/>
      <Metric name="STKDN" value="0.000"/>
      <Metric name="STKNT" value="0"/>
      <Metric name="STLCT" value="1"/>
      <Metric name="STLIN" value="0"/>
      <Metric name="STLOP" value="0"/>
      <Metric name="STM07" value="1"/>
      <Metric name="STM19" value="1"/>
      <Metric name="STMCC" value="0 (1:1)"/>
      <Metric name="STMIF" value="0"/>
      <Metric name="STPAR" value="0"/>
      <Metric name="STPBG" value="0"/>
      <Metric name="STPDN" value="0"/>
      <Metric name="STPTH" value="1"/>
      <Metric name="STST1" value="3"/>
      <Metric name="STST2" value="2"/>
      <Metric name="STST3" value="1"/>
      <Metric name="STSUB" value="0"/>
      <Metric name="STUNV" value="0"/>
      <Metric name="STXLN" value="2"/>
    </Entity>
    <Entity name="OS_MFSP" type="function">
      <Metric name="NPATH" value="1"/>
      <Metric name="STAKI" value="1"/>
      <Metric name="STAV1" value="1.000"/>
      <Metric name="STAV2" value="2.000"/>
      <Metric name="STAV3" value="4.000"/>
      <Metric name="STBAK" value="0"/>
      <Metric name="STCAL" value="0"/>
      <Metric name="STCYC" value="1"/>
      <Metric name="STELF" value="0"/>
      <Metric name="STFDN" value="2"/>
      <Metric name="STFDT" value="1"/>
      <Metric name="STFN1" value="1"/>
      <Metric name="STFN2" value="3"/>
      <Metric name="STGTO" value="0"/>
      <Metric name="STKDN" value="0.000"/>
      <Metric name="STKNT" value="0"/>
      <Metric name="STLCT" value="1"/>
      <Metric name="STLIN" value="0"/>
      <Metric name="STLOP" value="0"/>
      <Metric name="STM07" value="1"/>
      <Metric name="STM19" value="1"/>
      <Metric name="STMCC" value="0 (1:1)"/>
      <Metric name="STMIF" value="0"/>
      <Metric name="STPAR" value="0"/>
      <Metric name="STPBG" value="0"/>
      <Metric name="STPDN" value="0"/>
      <Metric name="STPTH" value="1"/>
      <Metric name="STST1" value="3"/>
      <Metric name="STST2" value="2"/>
      <Metric name="STST3" value="1"/>
      <Metric name="STSUB" value="0"/>
      <Metric name="STUNV" value="0"/>
      <Metric name="STXLN" value="2"/>
    </Entity>
  </File>
  <File name="D:/Material/3_Project/C673/MFC5J3_C673_Mcu_App/00_AsrStack/plugins/Os_TS_T16D27M6I1R0/include/TRICORE/Os_types_TRICORE.h"/>
  <File name="D:/Material/3_Project/C673/MFC5J3_C673_Mcu_App/00_AsrStack/plugins/Os_TS_T16D27M6I1R0/include/TRICORE/TC38XQ/Os_tc38xq.h"/>
  <File name="D:/Material/3_Project/C673/MFC5J3_C673_Mcu_App/00_AsrStack/plugins/Os_TS_T16D27M6I1R0/include/TRICORE/TC38XQ/Os_types_TC38XQ.h"/>
  <File name="D:/Material/3_Project/C673/MFC5J3_C673_Mcu_App/00_AsrStack/plugins/Platforms_TS_T16DxM4I0R0/include/Platforms_TSPlatforms.h"/>
  <File name="D:/Material/3_Project/C673/MFC5J3_C673_Mcu_App/00_AsrStack/plugins/Rte_TS_TxDxM6I6R0/include/Rte_Version.h"/>
  <File name="D:/Material/3_Project/C673/MFC5J3_C673_Mcu_App/01_AsrConfig/output/generated/include/Atomics_MemMap.h"/>
  <File name="D:/Material/3_Project/C673/MFC5J3_C673_Mcu_App/01_AsrConfig/output/generated/include/Base_MemMap.h"/>
  <File name="D:/Material/3_Project/C673/MFC5J3_C673_Mcu_App/01_AsrConfig/output/generated/include/Can_GeneralTypes_Cfg.h"/>
  <File name="D:/Material/3_Project/C673/MFC5J3_C673_Mcu_App/01_AsrConfig/output/generated/include/ComStack_Cfg.h"/>
  <File name="D:/Material/3_Project/C673/MFC5J3_C673_Mcu_App/01_AsrConfig/output/generated/include/Comco_MemMap.h"/>
  <File name="D:/Material/3_Project/C673/MFC5J3_C673_Mcu_App/01_AsrConfig/output/generated/include/Compiler_CfgExtMcal.h"/>
  <File name="D:/Material/3_Project/C673/MFC5J3_C673_Mcu_App/01_AsrConfig/output/generated/include/Compiler_CfgInt.h"/>
  <File name="D:/Material/3_Project/C673/MFC5J3_C673_Mcu_App/01_AsrConfig/output/generated/include/Det_Cfg.h"/>
  <File name="D:/Material/3_Project/C673/MFC5J3_C673_Mcu_App/01_AsrConfig/output/generated/include/Det_MemMap.h"/>
  <File name="D:/Material/3_Project/C673/MFC5J3_C673_Mcu_App/01_AsrConfig/output/generated/include/ModM_MemMap.h"/>
  <File name="D:/Material/3_Project/C673/MFC5J3_C673_Mcu_App/01_AsrConfig/output/generated/include/NvM_Cfg.h"/>
  <File name="D:/Material/3_Project/C673/MFC5J3_C673_Mcu_App/01_AsrConfig/output/generated/include/NvM_MemMap.h"/>
  <File name="D:/Material/3_Project/C673/MFC5J3_C673_Mcu_App/01_AsrConfig/output/generated/include/NvM_Types.h"/>
  <File name="D:/Material/3_Project/C673/MFC5J3_C673_Mcu_App/01_AsrConfig/output/generated/include/Os_kconfig.h"/>
  <File name="D:/Material/3_Project/C673/MFC5J3_C673_Mcu_App/01_AsrConfig/output/generated/include/Os_libcfg.h"/>
  <File name="D:/Material/3_Project/C673/MFC5J3_C673_Mcu_App/01_AsrConfig/output/generated/include/Os_user.h"/>
  <File name="D:/Material/3_Project/C673/MFC5J3_C673_Mcu_App/01_AsrConfig/output/generated/include/Platform_Types.h"/>
  <File name="D:/Material/3_Project/C673/MFC5J3_C673_Mcu_App/01_AsrConfig/output/generated/include/Rte.h"/>
  <File name="D:/Material/3_Project/C673/MFC5J3_C673_Mcu_App/01_AsrConfig/output/generated/include/Rte_Cfg.h"/>
  <File name="D:/Material/3_Project/C673/MFC5J3_C673_Mcu_App/01_AsrConfig/output/generated/include/Rte_Components_Shared.h"/>
  <File name="D:/Material/3_Project/C673/MFC5J3_C673_Mcu_App/01_AsrConfig/output/generated/include/Rte_MemMap.h"/>
  <File name="D:/Material/3_Project/C673/MFC5J3_C673_Mcu_App/01_AsrConfig/output/generated/include/Rte_ModM.h"/>
  <File name="D:/Material/3_Project/C673/MFC5J3_C673_Mcu_App/01_AsrConfig/output/generated/include/Rte_ModM_Hook.h"/>
  <File name="D:/Material/3_Project/C673/MFC5J3_C673_Mcu_App/01_AsrConfig/output/generated/include/Rte_ModM_Type.h"/>
  <File name="D:/Material/3_Project/C673/MFC5J3_C673_Mcu_App/01_AsrConfig/output/generated/include/Rte_NvM_Type.h"/>
  <File name="D:/Material/3_Project/C673/MFC5J3_C673_Mcu_App/01_AsrConfig/output/generated/include/Rte_Type.h"/>
  <File name="D:/Material/3_Project/C673/MFC5J3_C673_Mcu_App/01_AsrConfig/output/generated/include/TSAutosar_Cfg.h"/>
  <File name="D:/Material/3_Project/C673/MFC5J3_C673_Mcu_App/02_SrcAppl/EbIntegr/boards/TriboardTC387TH_DPM/board.h"/>
  <File name="D:/Material/3_Project/C673/MFC5J3_C673_Mcu_App/02_SrcAppl/EbIntegr/boards/TriboardTC387TH_DPM/board_version_check.h"/>
  <File name="D:/Material/3_Project/C673/MFC5J3_C673_Mcu_App/02_SrcAppl/FSMonitor/fs_config.h"/>
  <File name="D:/Material/3_Project/C673/MFC5J3_C673_Mcu_App/02_SrcAppl/FSMonitor/fs_pdo.h"/>
  <File name="D:/Material/3_Project/C673/MFC5J3_C673_Mcu_App/02_SrcAppl/MemServ/Cdm/Cdm_Cfg.h"/>
  <File name="D:/Material/3_Project/C673/MFC5J3_C673_Mcu_App/02_SrcAppl/MemServ/Qsm/8008_CSC_Platform_Qsm/01_Implements/Qsm_Type.h"/>
  <File name="D:/Material/3_Project/C673/MFC5J3_C673_Mcu_App/02_SrcAppl/MemServ/Qsm/Config/Qsm_Cfg.h"/>
  <File name="D:/Material/3_Project/C673/MFC5J3_C673_Mcu_App/02_SrcAppl/MemServ/Qsm/Config/Qsm_Lcfg.h"/>
  <File name="D:/Material/3_Project/C673/MFC5J3_C673_Mcu_App/02_SrcAppl/Platform/CSC_Platform/02_Config/Dbg_Cfg.h"/>
  <File name="D:/Material/3_Project/C673/MFC5J3_C673_Mcu_App/02_SrcAppl/Platform/CSC_Platform/8000_CSC_Platform_Common/01_Implements/01_Common/CSC_Platform_Common_Type.h"/>
  <File name="D:/Material/3_Project/C673/MFC5J3_C673_Mcu_App/02_SrcAppl/Platform/CSC_Platform/8000_CSC_Platform_Common/01_Implements/04_Dbg/Dbg.h"/>
  <File name="D:/Material/3_Project/C673/MFC5J3_C673_Mcu_App/02_SrcAppl/Platform/Compiler_Cfg.h"/>
  <File name="D:/Material/3_Project/C673/MFC5J3_C673_Mcu_App/02_SrcAppl/SysM/ComCo/comcoordinator.h"/>
  <File name="D:/Material/3_Project/C673/MFC5J3_C673_Mcu_App/02_SrcAppl/SysM/ModM/ModM.c">
    <Entity name="D:/Material/3_Project/C673/MFC5J3_C673_Mcu_App/02_SrcAppl/SysM/ModM/ModM.c" type="file">
      <Metric name="STBME" value="0.519"/>
      <Metric name="STBMO" value="0.441"/>
      <Metric name="STBMS" value="0.492"/>
      <Metric name="STBUG" value="1"/>
      <Metric name="STCDN" value="1.183"/>
      <Metric name="STDEV" value="3.133"/>
      <Metric name="STDIF" value="8.061"/>
      <Metric name="STECT" value="1"/>
      <Metric name="STEFF" value="18796"/>
      <Metric name="STFCO" value="9"/>
      <Metric name="STFNC" value="4"/>
      <Metric name="STHAL" value="417"/>
      <Metric name="STM20" value="117"/>
      <Metric name="STM21" value="245"/>
      <Metric name="STM22" value="24"/>
      <Metric name="STM28" value="30"/>
      <Metric name="STM33" value="19"/>
      <Metric name="STOPN" value="50"/>
      <Metric name="STOPT" value="28"/>
      <Metric name="STSCT" value="2"/>
      <Metric name="STSHN" value="1433"/>
      <Metric name="STTDE" value="2.026"/>
      <Metric name="STTDO" value="1.831"/>
      <Metric name="STTDS" value="1.950"/>
      <Metric name="STTLN" value="72"/>
      <Metric name="STTOT" value="371"/>
      <Metric name="STTPP" value="199"/>
      <Metric name="STVAR" value="49"/>
      <Metric name="STVOL" value="2332"/>
      <Metric name="STZIP" value="385"/>
    </Entity>
    <Entity name="ModM_InitFunction" type="function">
      <Metric name="NPATH" value="13"/>
      <Metric name="STAKI" value="7"/>
      <Metric name="STAV1" value="6.000"/>
      <Metric name="STAV2" value="11.000"/>
      <Metric name="STAV3" value="13.000"/>
      <Metric name="STBAK" value="0"/>
      <Metric name="STCAL" value="0"/>
      <Metric name="STCYC" value="6"/>
      <Metric name="STELF" value="0"/>
      <Metric name="STFDN" value="18"/>
      <Metric name="STFDT" value="21"/>
      <Metric name="STFN1" value="97"/>
      <Metric name="STFN2" value="41"/>
      <Metric name="STGTO" value="0"/>
      <Metric name="STKDN" value="0.000"/>
      <Metric name="STKNT" value="0"/>
      <Metric name="STLCT" value="3"/>
      <Metric name="STLIN" value="40"/>
      <Metric name="STLOP" value="1"/>
      <Metric name="STM07" value="1"/>
      <Metric name="STM19" value="0"/>
      <Metric name="STMCC" value="1 (6:7)"/>
      <Metric name="STMIF" value="4"/>
      <Metric name="STPAR" value="1"/>
      <Metric name="STPBG" value="1"/>
      <Metric name="STPDN" value="1"/>
      <Metric name="STPTH" value="9"/>
      <Metric name="STST1" value="22"/>
      <Metric name="STST2" value="12"/>
      <Metric name="STST3" value="10"/>
      <Metric name="STSUB" value="1"/>
      <Metric name="STUNV" value="0"/>
      <Metric name="STXLN" value="17"/>
    </Entity>
    <Entity name="ModM_MainExec" type="function">
      <Metric name="NPATH" value="4"/>
      <Metric name="STAKI" value="3"/>
      <Metric name="STAV1" value="6.000"/>
      <Metric name="STAV2" value="11.000"/>
      <Metric name="STAV3" value="15.000"/>
      <Metric name="STBAK" value="0"/>
      <Metric name="STCAL" value="0"/>
      <Metric name="STCYC" value="3"/>
      <Metric name="STELF" value="0"/>
      <Metric name="STFDN" value="12"/>
      <Metric name="STFDT" value="14"/>
      <Metric name="STFN1" value="55"/>
      <Metric name="STFN2" value="23"/>
      <Metric name="STGTO" value="0"/>
      <Metric name="STKDN" value="0.000"/>
      <Metric name="STKNT" value="0"/>
      <Metric name="STLCT" value="2"/>
      <Metric name="STLIN" value="26"/>
      <Metric name="STLOP" value="1"/>
      <Metric name="STM07" value="1"/>
      <Metric name="STM19" value="0"/>
      <Metric name="STMCC" value="1 (3:4)"/>
      <Metric name="STMIF" value="2"/>
      <Metric name="STPAR" value="0"/>
      <Metric name="STPBG" value="0"/>
      <Metric name="STPDN" value="0"/>
      <Metric name="STPTH" value="3"/>
      <Metric name="STST1" value="13"/>
      <Metric name="STST2" value="7"/>
      <Metric name="STST3" value="5"/>
      <Metric name="STSUB" value="0"/>
      <Metric name="STUNV" value="1"/>
      <Metric name="STXLN" value="11"/>
    </Entity>
    <Entity name="ModM_u_GetCurrentMode" type="function">
      <Metric name="NPATH" value="1"/>
      <Metric name="STAKI" value="1"/>
      <Metric name="STAV1" value="6.000"/>
      <Metric name="STAV2" value="6.000"/>
      <Metric name="STAV3" value="10.000"/>
      <Metric name="STBAK" value="0"/>
      <Metric name="STCAL" value="0"/>
      <Metric name="STCYC" value="1"/>
      <Metric name="STELF" value="0"/>
      <Metric name="STFDN" value="6"/>
      <Metric name="STFDT" value="8"/>
      <Metric name="STFN1" value="13"/>
      <Metric name="STFN2" value="7"/>
      <Metric name="STGTO" value="0"/>
      <Metric name="STKDN" value="0.000"/>
      <Metric name="STKNT" value="0"/>
      <Metric name="STLCT" value="1"/>
      <Metric name="STLIN" value="5"/>
      <Metric name="STLOP" value="0"/>
      <Metric name="STM07" value="1"/>
      <Metric name="STM19" value="1"/>
      <Metric name="STMCC" value="0 (1:1)"/>
      <Metric name="STMIF" value="0"/>
      <Metric name="STPAR" value="1"/>
      <Metric name="STPBG" value="0"/>
      <Metric name="STPDN" value="0"/>
      <Metric name="STPTH" value="1"/>
      <Metric name="STST1" value="3"/>
      <Metric name="STST2" value="3"/>
      <Metric name="STST3" value="2"/>
      <Metric name="STSUB" value="0"/>
      <Metric name="STUNV" value="0"/>
      <Metric name="STXLN" value="3"/>
    </Entity>
    <Entity name="ModM_u_GetNextMode" type="function">
      <Metric name="NPATH" value="1"/>
      <Metric name="STAKI" value="1"/>
      <Metric name="STAV1" value="6.000"/>
      <Metric name="STAV2" value="6.000"/>
      <Metric name="STAV3" value="10.000"/>
      <Metric name="STBAK" value="0"/>
      <Metric name="STCAL" value="0"/>
      <Metric name="STCYC" value="1"/>
      <Metric name="STELF" value="0"/>
      <Metric name="STFDN" value="6"/>
      <Metric name="STFDT" value="8"/>
      <Metric name="STFN1" value="13"/>
      <Metric name="STFN2" value="7"/>
      <Metric name="STGTO" value="0"/>
      <Metric name="STKDN" value="0.000"/>
      <Metric name="STKNT" value="0"/>
      <Metric name="STLCT" value="1"/>
      <Metric name="STLIN" value="5"/>
      <Metric name="STLOP" value="0"/>
      <Metric name="STM07" value="1"/>
      <Metric name="STM19" value="1"/>
      <Metric name="STMCC" value="0 (1:1)"/>
      <Metric name="STMIF" value="0"/>
      <Metric name="STPAR" value="1"/>
      <Metric name="STPBG" value="0"/>
      <Metric name="STPDN" value="0"/>
      <Metric name="STPTH" value="1"/>
      <Metric name="STST1" value="3"/>
      <Metric name="STST2" value="3"/>
      <Metric name="STST3" value="2"/>
      <Metric name="STSUB" value="0"/>
      <Metric name="STUNV" value="0"/>
      <Metric name="STXLN" value="3"/>
    </Entity>
  </File>
  <File name="D:/Material/3_Project/C673/MFC5J3_C673_Mcu_App/02_SrcAppl/SysM/ModM/ModM.h"/>
  <File name="D:/Material/3_Project/C673/MFC5J3_C673_Mcu_App/02_SrcAppl/SysM/ModM/ModM_Cfg.c">
    <Entity name="D:/Material/3_Project/C673/MFC5J3_C673_Mcu_App/02_SrcAppl/SysM/ModM/ModM_Cfg.c" type="file">
      <Metric name="STBME" value="0.798"/>
      <Metric name="STBMO" value="0.642"/>
      <Metric name="STBMS" value="0.735"/>
      <Metric name="STBUG" value="1"/>
      <Metric name="STCDN" value="1.574"/>
      <Metric name="STDEV" value="2.156"/>
      <Metric name="STDIF" value="5.590"/>
      <Metric name="STECT" value="2"/>
      <Metric name="STEFF" value="12937"/>
      <Metric name="STFCO" value="7"/>
      <Metric name="STFNC" value="8"/>
      <Metric name="STHAL" value="468"/>
      <Metric name="STM20" value="138"/>
      <Metric name="STM21" value="214"/>
      <Metric name="STM22" value="11"/>
      <Metric name="STM28" value="59"/>
      <Metric name="STM33" value="47"/>
      <Metric name="STOPN" value="66"/>
      <Metric name="STOPT" value="17"/>
      <Metric name="STSCT" value="5"/>
      <Metric name="STSHN" value="1560"/>
      <Metric name="STTDE" value="2.326"/>
      <Metric name="STTDO" value="2.113"/>
      <Metric name="STTDS" value="2.245"/>
      <Metric name="STTLN" value="101"/>
      <Metric name="STTOT" value="363"/>
      <Metric name="STTPP" value="285"/>
      <Metric name="STVAR" value="66"/>
      <Metric name="STVOL" value="2314"/>
      <Metric name="STZIP" value="415"/>
    </Entity>
    <Entity name="ModM_Action_OperationMode_Debug" type="function">
      <Metric name="NPATH" value="1"/>
      <Metric name="STAKI" value="1"/>
      <Metric name="STAV1" value="2.000"/>
      <Metric name="STAV2" value="3.000"/>
      <Metric name="STAV3" value="3.000"/>
      <Metric name="STBAK" value="0"/>
      <Metric name="STCAL" value="0"/>
      <Metric name="STCYC" value="1"/>
      <Metric name="STELF" value="0"/>
      <Metric name="STFDN" value="3"/>
      <Metric name="STFDT" value="2"/>
      <Metric name="STFN1" value="2"/>
      <Metric name="STFN2" value="112"/>
      <Metric name="STGTO" value="0"/>
      <Metric name="STKDN" value="0.000"/>
      <Metric name="STKNT" value="0"/>
      <Metric name="STLCT" value="0"/>
      <Metric name="STLIN" value="23"/>
      <Metric name="STLOP" value="0"/>
      <Metric name="STM07" value="1"/>
      <Metric name="STM19" value="0"/>
      <Metric name="STMCC" value="0 (1:1)"/>
      <Metric name="STMIF" value="0"/>
      <Metric name="STPAR" value="0"/>
      <Metric name="STPBG" value="0"/>
      <Metric name="STPDN" value="0"/>
      <Metric name="STPTH" value="1"/>
      <Metric name="STST1" value="48"/>
      <Metric name="STST2" value="32"/>
      <Metric name="STST3" value="32"/>
      <Metric name="STSUB" value="0"/>
      <Metric name="STUNV" value="0"/>
      <Metric name="STXLN" value="16"/>
    </Entity>
    <Entity name="ModM_Action_OperationMode_Factory" type="function">
      <Metric name="NPATH" value="1"/>
      <Metric name="STAKI" value="1"/>
      <Metric name="STAV1" value="0.000"/>
      <Metric name="STAV2" value="0.000"/>
      <Metric name="STAV3" value="0.000"/>
      <Metric name="STBAK" value="0"/>
      <Metric name="STCAL" value="0"/>
      <Metric name="STCYC" value="1"/>
      <Metric name="STELF" value="0"/>
      <Metric name="STFDN" value="0"/>
      <Metric name="STFDT" value="2"/>
      <Metric name="STFN1" value="2"/>
      <Metric name="STFN2" value="0"/>
      <Metric name="STGTO" value="0"/>
      <Metric name="STKDN" value="0.000"/>
      <Metric name="STKNT" value="0"/>
      <Metric name="STLCT" value="0"/>
      <Metric name="STLIN" value="1"/>
      <Metric name="STLOP" value="0"/>
      <Metric name="STM07" value="1"/>
      <Metric name="STM19" value="0"/>
      <Metric name="STMCC" value="0 (1:1)"/>
      <Metric name="STMIF" value="0"/>
      <Metric name="STPAR" value="0"/>
      <Metric name="STPBG" value="0"/>
      <Metric name="STPDN" value="0"/>
      <Metric name="STPTH" value="1"/>
      <Metric name="STST1" value="0"/>
      <Metric name="STST2" value="0"/>
      <Metric name="STST3" value="0"/>
      <Metric name="STSUB" value="0"/>
      <Metric name="STUNV" value="0"/>
      <Metric name="STXLN" value="0"/>
    </Entity>
    <Entity name="ModM_Action_OperationMode_Normal" type="function">
      <Metric name="NPATH" value="1"/>
      <Metric name="STAKI" value="1"/>
      <Metric name="STAV1" value="2.000"/>
      <Metric name="STAV2" value="3.000"/>
      <Metric name="STAV3" value="3.000"/>
      <Metric name="STBAK" value="0"/>
      <Metric name="STCAL" value="0"/>
      <Metric name="STCYC" value="1"/>
      <Metric name="STELF" value="0"/>
      <Metric name="STFDN" value="3"/>
      <Metric name="STFDT" value="2"/>
      <Metric name="STFN1" value="2"/>
      <Metric name="STFN2" value="105"/>
      <Metric name="STGTO" value="0"/>
      <Metric name="STKDN" value="0.000"/>
      <Metric name="STKNT" value="0"/>
      <Metric name="STLCT" value="0"/>
      <Metric name="STLIN" value="24"/>
      <Metric name="STLOP" value="0"/>
      <Metric name="STM07" value="1"/>
      <Metric name="STM19" value="0"/>
      <Metric name="STMCC" value="0 (1:1)"/>
      <Metric name="STMIF" value="0"/>
      <Metric name="STPAR" value="0"/>
      <Metric name="STPBG" value="0"/>
      <Metric name="STPDN" value="0"/>
      <Metric name="STPTH" value="1"/>
      <Metric name="STST1" value="45"/>
      <Metric name="STST2" value="30"/>
      <Metric name="STST3" value="30"/>
      <Metric name="STSUB" value="0"/>
      <Metric name="STUNV" value="0"/>
      <Metric name="STXLN" value="15"/>
    </Entity>
    <Entity name="ModM_Action_OperationMode_Test" type="function">
      <Metric name="NPATH" value="1"/>
      <Metric name="STAKI" value="1"/>
      <Metric name="STAV1" value="2.000"/>
      <Metric name="STAV2" value="3.000"/>
      <Metric name="STAV3" value="3.000"/>
      <Metric name="STBAK" value="0"/>
      <Metric name="STCAL" value="0"/>
      <Metric name="STCYC" value="1"/>
      <Metric name="STELF" value="0"/>
      <Metric name="STFDN" value="3"/>
      <Metric name="STFDT" value="2"/>
      <Metric name="STFN1" value="2"/>
      <Metric name="STFN2" value="98"/>
      <Metric name="STGTO" value="0"/>
      <Metric name="STKDN" value="0.000"/>
      <Metric name="STKNT" value="0"/>
      <Metric name="STLCT" value="0"/>
      <Metric name="STLIN" value="21"/>
      <Metric name="STLOP" value="0"/>
      <Metric name="STM07" value="1"/>
      <Metric name="STM19" value="0"/>
      <Metric name="STMCC" value="0 (1:1)"/>
      <Metric name="STMIF" value="0"/>
      <Metric name="STPAR" value="0"/>
      <Metric name="STPBG" value="0"/>
      <Metric name="STPDN" value="0"/>
      <Metric name="STPTH" value="1"/>
      <Metric name="STST1" value="42"/>
      <Metric name="STST2" value="28"/>
      <Metric name="STST3" value="28"/>
      <Metric name="STSUB" value="0"/>
      <Metric name="STUNV" value="0"/>
      <Metric name="STXLN" value="14"/>
    </Entity>
    <Entity name="ModM_Action_OperationMode_Trans" type="function">
      <Metric name="NPATH" value="1"/>
      <Metric name="STAKI" value="1"/>
      <Metric name="STAV1" value="2.000"/>
      <Metric name="STAV2" value="3.000"/>
      <Metric name="STAV3" value="3.000"/>
      <Metric name="STBAK" value="0"/>
      <Metric name="STCAL" value="0"/>
      <Metric name="STCYC" value="1"/>
      <Metric name="STELF" value="0"/>
      <Metric name="STFDN" value="3"/>
      <Metric name="STFDT" value="2"/>
      <Metric name="STFN1" value="2"/>
      <Metric name="STFN2" value="98"/>
      <Metric name="STGTO" value="0"/>
      <Metric name="STKDN" value="0.000"/>
      <Metric name="STKNT" value="0"/>
      <Metric name="STLCT" value="0"/>
      <Metric name="STLIN" value="24"/>
      <Metric name="STLOP" value="0"/>
      <Metric name="STM07" value="1"/>
      <Metric name="STM19" value="0"/>
      <Metric name="STMCC" value="0 (1:1)"/>
      <Metric name="STMIF" value="0"/>
      <Metric name="STPAR" value="0"/>
      <Metric name="STPBG" value="0"/>
      <Metric name="STPDN" value="0"/>
      <Metric name="STPTH" value="1"/>
      <Metric name="STST1" value="42"/>
      <Metric name="STST2" value="28"/>
      <Metric name="STST3" value="28"/>
      <Metric name="STSUB" value="0"/>
      <Metric name="STUNV" value="0"/>
      <Metric name="STXLN" value="14"/>
    </Entity>
    <Entity name="ModM_GetCurrentOperationMode" type="function">
      <Metric name="NPATH" value="1"/>
      <Metric name="STAKI" value="2"/>
      <Metric name="STAV1" value="6.000"/>
      <Metric name="STAV2" value="6.000"/>
      <Metric name="STAV3" value="6.000"/>
      <Metric name="STBAK" value="0"/>
      <Metric name="STCAL" value="1"/>
      <Metric name="STCYC" value="1"/>
      <Metric name="STELF" value="0"/>
      <Metric name="STFDN" value="2"/>
      <Metric name="STFDT" value="7"/>
      <Metric name="STFN1" value="10"/>
      <Metric name="STFN2" value="2"/>
      <Metric name="STGTO" value="0"/>
      <Metric name="STKDN" value="0.000"/>
      <Metric name="STKNT" value="0"/>
      <Metric name="STLCT" value="0"/>
      <Metric name="STLIN" value="3"/>
      <Metric name="STLOP" value="0"/>
      <Metric name="STM07" value="1"/>
      <Metric name="STM19" value="1"/>
      <Metric name="STMCC" value="0 (1:1)"/>
      <Metric name="STMIF" value="0"/>
      <Metric name="STPAR" value="1"/>
      <Metric name="STPBG" value="0"/>
      <Metric name="STPDN" value="0"/>
      <Metric name="STPTH" value="1"/>
      <Metric name="STST1" value="2"/>
      <Metric name="STST2" value="2"/>
      <Metric name="STST3" value="2"/>
      <Metric name="STSUB" value="1"/>
      <Metric name="STUNV" value="0"/>
      <Metric name="STXLN" value="2"/>
    </Entity>
    <Entity name="ModM_GetNextOperationMode" type="function">
      <Metric name="NPATH" value="1"/>
      <Metric name="STAKI" value="2"/>
      <Metric name="STAV1" value="6.000"/>
      <Metric name="STAV2" value="6.000"/>
      <Metric name="STAV3" value="6.000"/>
      <Metric name="STBAK" value="0"/>
      <Metric name="STCAL" value="1"/>
      <Metric name="STCYC" value="1"/>
      <Metric name="STELF" value="0"/>
      <Metric name="STFDN" value="2"/>
      <Metric name="STFDT" value="7"/>
      <Metric name="STFN1" value="10"/>
      <Metric name="STFN2" value="2"/>
      <Metric name="STGTO" value="0"/>
      <Metric name="STKDN" value="0.000"/>
      <Metric name="STKNT" value="0"/>
      <Metric name="STLCT" value="0"/>
      <Metric name="STLIN" value="3"/>
      <Metric name="STLOP" value="0"/>
      <Metric name="STM07" value="1"/>
      <Metric name="STM19" value="1"/>
      <Metric name="STMCC" value="0 (1:1)"/>
      <Metric name="STMIF" value="0"/>
      <Metric name="STPAR" value="1"/>
      <Metric name="STPBG" value="0"/>
      <Metric name="STPDN" value="0"/>
      <Metric name="STPTH" value="1"/>
      <Metric name="STST1" value="2"/>
      <Metric name="STST2" value="2"/>
      <Metric name="STST3" value="2"/>
      <Metric name="STSUB" value="1"/>
      <Metric name="STUNV" value="0"/>
      <Metric name="STXLN" value="2"/>
    </Entity>
    <Entity name="ModM_MainFunction" type="function">
      <Metric name="NPATH" value="1"/>
      <Metric name="STAKI" value="2"/>
      <Metric name="STAV1" value="6.000"/>
      <Metric name="STAV2" value="6.000"/>
      <Metric name="STAV3" value="6.000"/>
      <Metric name="STBAK" value="0"/>
      <Metric name="STCAL" value="1"/>
      <Metric name="STCYC" value="1"/>
      <Metric name="STELF" value="0"/>
      <Metric name="STFDN" value="1"/>
      <Metric name="STFDT" value="5"/>
      <Metric name="STFN1" value="5"/>
      <Metric name="STFN2" value="1"/>
      <Metric name="STGTO" value="0"/>
      <Metric name="STKDN" value="0.000"/>
      <Metric name="STKNT" value="0"/>
      <Metric name="STLCT" value="0"/>
      <Metric name="STLIN" value="1"/>
      <Metric name="STLOP" value="0"/>
      <Metric name="STM07" value="1"/>
      <Metric name="STM19" value="0"/>
      <Metric name="STMCC" value="0 (1:1)"/>
      <Metric name="STMIF" value="0"/>
      <Metric name="STPAR" value="0"/>
      <Metric name="STPBG" value="0"/>
      <Metric name="STPDN" value="1"/>
      <Metric name="STPTH" value="1"/>
      <Metric name="STST1" value="1"/>
      <Metric name="STST2" value="1"/>
      <Metric name="STST3" value="1"/>
      <Metric name="STSUB" value="1"/>
      <Metric name="STUNV" value="0"/>
      <Metric name="STXLN" value="1"/>
    </Entity>
  </File>
  <File name="D:/Material/3_Project/C673/MFC5J3_C673_Mcu_App/02_SrcAppl/SysM/ModM/ModM_Cfg.h"/>
  <File name="D:/Material/3_Project/C673/MFC5J3_C673_Mcu_App/02_SrcAppl/SysM/SystemData/SystemData_CustomerCoding.h"/>
</Metrics>
